EMG Value (NO FILTER)  ,  EMG Value (With Low Pass Filtter)
320  ,  446.33
364  ,  443.85
356  ,  438.95
413  ,  433.04
516  ,  428.27
484  ,  426.39
476  ,  427.03
514  ,  429.48
540  ,  433.99
551  ,  440.75
383  ,  448.04
361  ,  452.67
345  ,  453.25
439  ,  451.06
394  ,  447.88
314  ,  443.4
346  ,  436.69
330  ,  428.25
372  ,  419.1
393  ,  410.42
379  ,  402.96
496  ,  397.57
402  ,  394.94
447  ,  394.3
649  ,  396.8
573  ,  404.68
409  ,  415.43
372  ,  424.45
396  ,  430.12
383  ,  433.02
291  ,  432.95
351  ,  429.51
375  ,  424.05
386  ,  418.19
334  ,  412.16
392  ,  405.92
436  ,  400.6
367  ,  396.78
416  ,  393.86
304  ,  391.05
272  ,  386.72
215  ,  379.49
238  ,  369.27
258  ,  357.2
289  ,  344.87
573  ,  335.72
397  ,  332.71
407  ,  334.03
352  ,  336.88
367  ,  340.11
496  ,  344.37
524  ,  351.74
464  ,  362.24
384  ,  373.4
415  ,  383.14
334  ,  390.69
304  ,  395.01
309  ,  395.62
344  ,  393.51
309  ,  389.73
398  ,  385.22
456  ,  381.95
450  ,  381.36
450  ,  383.18
603  ,  387.98
461  ,  396.25
520  ,  406.29
373  ,  415.95
362  ,  423.03
352  ,  426.44
313  ,  426.38
343  ,  423.21
553  ,  419.65
537  ,  419.43
558  ,  423.39
371  ,  429.11
447  ,  433.71
417  ,  436.79
535  ,  439.69
642  ,  444.91
412  ,  452.58
352  ,  458.49
350  ,  460
379  ,  457.83
471  ,  454.13
474  ,  451.13
615  ,  450.72
618  ,  454.62
631  ,  462.97
676  ,  475.05
564  ,  489.53
542  ,  503.71
401  ,  514.78
436  ,  520.96
381  ,  522.18
301  ,  518.27
286  ,  508.76
286  ,  494.41
308  ,  476.88
333  ,  458.06
375  ,  439.78
439  ,  423.93
512  ,  412.42
482  ,  406.05
466  ,  403.79
540  ,  404.82
626  ,  410.1
759  ,  421.52
621  ,  438.99
567  ,  458.9
404  ,  476.69
335  ,  488.63
359  ,  493.5
411  ,  493.05
484  ,  490.22
389  ,  486.48
383  ,  481.19
395  ,  474.11
374  ,  465.88
370  ,  456.76
443  ,  447.61
395  ,  439.51
352  ,  431.94
341  ,  423.83
336  ,  415
336  ,  405.74
376  ,  396.75
471  ,  389.67
555  ,  386.83
496  ,  388.96
471  ,  394.36
498  ,  401.38
557  ,  410.13
482  ,  420.48
396  ,  430.27
416  ,  437.47
399  ,  441.95
331  ,  443.56
374  ,  442.03
387  ,  438.41
421  ,  434.15
362  ,  429.72
440  ,  425.26
379  ,  421.21
491  ,  418.16
414  ,  416.66
503  ,  416.79
578  ,  419.57
762  ,  427.73
565  ,  441.71
562  ,  457.94
523  ,  473.39
448  ,  486.49
474  ,  496.03
576  ,  503.2
425  ,  508.98
684  ,  513.98
633  ,  520.79
603  ,  529.8
371  ,  537.4
242  ,  538.61
641  ,  534.18
701  ,  531.51
315  ,  531.36
258  ,  526.89
522  ,  517.33
484  ,  507.74
550  ,  500.52
722  ,  497.48
774  ,  501.48
783  ,  513.03
733  ,  530.14
795  ,  550.69
712  ,  573.09
529  ,  593.86
532  ,  609.08
505  ,  617.92
422  ,  620.52
397  ,  616.54
344  ,  606.14
332  ,  590.04
353  ,  569.61
376  ,  547.02
424  ,  524.47
419  ,  503.59
344  ,  484.37
400  ,  466.22
440  ,  450.11
450  ,  437.27
500  ,  428.23
446  ,  422.82
303  ,  418.73
221  ,  412.35
218  ,  401.9
168  ,  387.57
411  ,  371.89
600  ,  360.78
699  ,  359.37
574  ,  367.51
695  ,  382.42
538  ,  401.7
519  ,  421.95
527  ,  440.75
618  ,  458.55
454  ,  475.23
446  ,  488.51
371  ,  496.69
360  ,  499.35
440  ,  497.59
505  ,  494.25
520  ,  491.65
516  ,  490.44
498  ,  490.24
526  ,  490.71
597  ,  492.56
420  ,  495.35
450  ,  496.7
444  ,  495.92
427  ,  493.55
307  ,  488.75
423  ,  481.1
385  ,  472.12
336  ,  462.36
362  ,  451.43
418  ,  440.44
476  ,  431.35
349  ,  424.38
339  ,  417.58
381  ,  410.26
466  ,  404.08
572  ,  401.56
429  ,  403.17
478  ,  406.79
364  ,  410.54
334  ,  412.57
379  ,  412.17
340  ,  410.11
491  ,  407.79
489  ,  407.5
486  ,  409.91
475  ,  414.16
367  ,  418.59
398  ,  421.42
440  ,  422.91
422  ,  424.11
362  ,  424.62
248  ,  422.51
250  ,  416.18
266  ,  406.06
273  ,  393.72
322  ,  380.74
639  ,  371.12
522  ,  368.97
551  ,  373.5
562  ,  382.58
614  ,  395.66
358  ,  410.23
404  ,  422.1
354  ,  429.77
355  ,  433.56
281  ,  433.29
282  ,  428.71
326  ,  420.8
275  ,  410.92
247  ,  399.16
296  ,  385.89
349  ,  372.89
290  ,  361.29
201  ,  349.9
275  ,  337.7
307  ,  326.03
206  ,  315.43
306  ,  305.44
168  ,  295.91
233  ,  286.14
173  ,  275.95
166  ,  265.26
200  ,  254.22
188  ,  243.67
168  ,  233.76
72  ,  223.44
84  ,  211.54
153  ,  198.79
79  ,  186.43
294  ,  175.86
121  ,  168.5
247  ,  163.79
195  ,  161.45
155  ,  160.86
301  ,  161.74
141  ,  164.46
189  ,  167.45
294  ,  170.9
188  ,  175.82
236  ,  181.21
240  ,  186.75
229  ,  192.58
225  ,  198.26
193  ,  203.23
284  ,  207.69
231  ,  212.39
230  ,  217
236  ,  220.99
271  ,  224.76
254  ,  228.71
284  ,  232.92
243  ,  237.22
192  ,  240.6
304  ,  242.91
314  ,  245.85
417  ,  251.06
381  ,  259.32
422  ,  270.2
298  ,  282.09
385  ,  293.39
254  ,  303.21
147  ,  309.27
244  ,  310.27
462  ,  309.86
384  ,  312.09
393  ,  316.84
291  ,  322.03
380  ,  326.53
412  ,  331.24
402  ,  337.11
564  ,  345.09
394  ,  355.58
338  ,  365.75
311  ,  372.81
273  ,  376.1
460  ,  377.09
726  ,  381.18
529  ,  391.74
366  ,  404.55
464  ,  415.18
386  ,  423.43
393  ,  429.19
470  ,  432.97
343  ,  435.38
348  ,  435.29
424  ,  432.97
396  ,  430.07
375  ,  426.8
324  ,  422.38
384  ,  416.72
388  ,  410.89
396  ,  405.73
423  ,  401.64
332  ,  398.26
378  ,  394.65
394  ,  391.11
283  ,  387.48
548  ,  384.37
406  ,  384.02
417  ,  385.71
450  ,  388.19
248  ,  390.18
296  ,  389.11
328  ,  385.14
422  ,  380.76
364  ,  377.52
391  ,  375.31
432  ,  374.25
392  ,  374.67
332  ,  375.39
422  ,  375.74
496  ,  377.38
538  ,  382.23
358  ,  389.22
299  ,  394.51
421  ,  396.91
450  ,  398.76
457  ,  401.66
347  ,  404.73
448  ,  406.9
496  ,  409.46
508  ,  413.93
454  ,  419.85
492  ,  426.22
458  ,  432.63
421  ,  438.32
383  ,  442.08
423  ,  443.65
330  ,  443.11
394  ,  440.28
293  ,  435.29
327  ,  427.96
355  ,  419.05
332  ,  409.76
298  ,  400.07
324  ,  389.86
498  ,  381.14
663  ,  378.21
448  ,  382.15
443  ,  389.03
369  ,  395.46
502  ,  401.18
501  ,  407.73
584  ,  416.43
721  ,  428.96
638  ,  446.21
629  ,  466.17
682  ,  487.18
609  ,  508.48
689  ,  529.23
720  ,  549.83
747  ,  571.02
829  ,  593.33
714  ,  616.38
676  ,  637.75
538  ,  654.46
608  ,  665.09
688  ,  671.42
664  ,  675.94
706  ,  679.53
580  ,  681.75
590  ,  681.25
524  ,  677.28
438  ,  669.12
490  ,  656.5
376  ,  640.13
383  ,  620.06
437  ,  597.45
407  ,  574.31
298  ,  550.58
299  ,  525.2
288  ,  498.41
329  ,  471.59
351  ,  446.38
308  ,  423.54
365  ,  403.19
314  ,  385.58
281  ,  369.97
378  ,  356.25
589  ,  347.44
277  ,  344.34
214  ,  341.8
200  ,  336.11
284  ,  328.16
313  ,  320.22
352  ,  314.02
452  ,  311.02
344  ,  311.63
475  ,  315.09
414  ,  321.35
372  ,  329.31
385  ,  337.2
656  ,  346.87
553  ,  361.24
396  ,  377.98
383  ,  392.49
455  ,  403.92
352  ,  412.88
336  ,  418.42
446  ,  420.99
383  ,  422.35
482  ,  423.43
434  ,  424.96
703  ,  428.99
417  ,  436.46
384  ,  443.58
241  ,  446.16
420  ,  444.06
303  ,  439.28
280  ,  431.96
288  ,  421.68
337  ,  409.83
294  ,  397.7
324  ,  385.67
487  ,  375.59
308  ,  368.76
254  ,  362.6
353  ,  355.63
314  ,  349.1
354  ,  343.64
400  ,  339.86
328  ,  337.98
249  ,  336.16
309  ,  333.08
401  ,  330.2
186  ,  327.82
227  ,  323.48
284  ,  317.16
490  ,  312.48
318  ,  311.62
373  ,  313.02
344  ,  315.35
410  ,  318.83
338  ,  323.32
440  ,  328.63
372  ,  334.92
484  ,  342.38
298  ,  350.24
255  ,  355.69
348  ,  357.67
702  ,  361
577  ,  370.71
564  ,  385.72
420  ,  401.89
398  ,  415.79
338  ,  425.48
415  ,  431.13
308  ,  433.41
382  ,  432.54
305  ,  429.02
321  ,  423.05
262  ,  414.58
290  ,  403.88
295  ,  391.83
253  ,  379.13
276  ,  365.86
325  ,  353.05
365  ,  342.31
238  ,  333.5
201  ,  324.42
276  ,  314.39
230  ,  304.52
285  ,  295.41
220  ,  287.15
244  ,  279.39
200  ,  271.78
251  ,  264.42
393  ,  259.12
252  ,  257.14
679  ,  260.07
305  ,  269.44
697  ,  283.95
241  ,  301.55
520  ,  318.95
280  ,  334.53
401  ,  347.56
296  ,  357.38
402  ,  364.59
365  ,  370.13
331  ,  374.21
292  ,  375.87
361  ,  375.28
371  ,  373.9
367  ,  372.63
294  ,  370.93
329  ,  368
300  ,  363.98
300  ,  359.08
240  ,  352.93
381  ,  346.21
275  ,  340.21
383  ,  335.26
266  ,  331.21
310  ,  327.31
232  ,  322.79
278  ,  317.4
290  ,  311.74
260  ,  306.38
142  ,  300.07
195  ,  291.52
172  ,  281.25
151  ,  269.87
53  ,  256.72
122  ,  241.43
304  ,  226.83
273  ,  216.48
234  ,  210.37
189  ,  206.43
277  ,  203.96
62  ,  201.98
304  ,  199.64
417  ,  200.2
485  ,  207.3
1023  ,  225.58
282  ,  255.04
463  ,  285.85
419  ,  313.25
260  ,  336.63
120  ,  352.1
562  ,  361.07
250  ,  368.31
103  ,  371.31
166  ,  366.56
758  ,  360.73
187  ,  359.76
499  ,  360.58
338  ,  361.85
408  ,  363.93
115  ,  364
1010  ,  365.6
343  ,  375.08
331  ,  386.59
1023  ,  399.27
477  ,  419.14
322  ,  439.34
127  ,  450.59
242  ,  451.13
825  ,  448.55
176  ,  448.8
194  ,  445.55
195  ,  434.75
225  ,  418.95
1023  ,  406.85
133  ,  403.95
198  ,  400.69
287  ,  391.81
364  ,  381.54
930  ,  377.12
301  ,  382.03
420  ,  389.21
140  ,  392.44
138  ,  388.94
652  ,  382.31
412  ,  379.89
313  ,  380.24
706  ,  382.31
184  ,  386.99
206  ,  388.38
194  ,  383.24
389  ,  374.85
681  ,  369.7
178  ,  369.44
459  ,  369.4
739  ,  372.26
448  ,  381.75
472  ,  393.67
277  ,  403.53
208  ,  407.93
113  ,  404.6
268  ,  394.61
237  ,  381.38
444  ,  368.55
246  ,  357.93
200  ,  347.44
178  ,  334.86
343  ,  321.69
264  ,  310.37
156  ,  300
248  ,  289.04
204  ,  278.26
210  ,  268.04
247  ,  258.62
186  ,  250.27
88  ,  241.51
251  ,  231.98
215  ,  223.71
211  ,  217.39
530  ,  215
612  ,  221.5
362  ,  236.41
102  ,  251.78
247  ,  261.91
121  ,  266.92
320  ,  268.64
108  ,  268.28
294  ,  266.03
138  ,  262.45
302  ,  258.27
77  ,  253.35
171  ,  246.46
252  ,  238.66
290  ,  232.8
449  ,  231.19
301  ,  234.55
387  ,  241.18
332  ,  249.82
383  ,  259.94
393  ,  271.31
202  ,  282.31
154  ,  289.23
226  ,  291.09
276  ,  290.2
216  ,  288.17
264  ,  285.16
247  ,  281.65
384  ,  279.1
217  ,  278.09
296  ,  277.35
328  ,  277
227  ,  277.31
357  ,  277.79
188  ,  278.3
183  ,  277.08
93  ,  272.4
162  ,  264.3
70  ,  253.5
199  ,  241.11
160  ,  228.93
127  ,  217.46
388  ,  208.17
173  ,  203.07
304  ,  201.02
130  ,  200.32
179  ,  199.32
110  ,  196.94
324  ,  194.6
302  ,  195.1
190  ,  198.22
150  ,  200.92
143  ,  201.58
313  ,  201.63
206  ,  203.03
232  ,  205.27
162  ,  207.07
297  ,  208.64
260  ,  211.31
240  ,  215.06
208  ,  218.64
140  ,  220.72
224  ,  220.91
208  ,  220.35
272  ,  220.17
236  ,  220.9
238  ,  222.26
222  ,  223.67
246  ,  225.01
276  ,  226.76
177  ,  228.64
284  ,  230.07
278  ,  232
232  ,  234.64
211  ,  236.76
255  ,  238.08
230  ,  239.07
197  ,  239.46
131  ,  238.11
113  ,  234
120  ,  227.14
73  ,  217.98
398  ,  209.31
127  ,  203.99
497  ,  202.64
204  ,  205.79
447  ,  212.49
310  ,  222.13
308  ,  233.42
393  ,  245.15
316  ,  257.57
163  ,  268.32
234  ,  274.9
567  ,  280.71
144  ,  288.3
136  ,  292.76
169  ,  291.39
596  ,  289.58
222  ,  291.65
631  ,  297.32
320  ,  306.64
382  ,  317.21
258  ,  325.85
206  ,  330.81
419  ,  332.69
245  ,  333.78
274  ,  333.38
225  ,  330.48
227  ,  325.26
295  ,  318.62
202  ,  311.49
383  ,  304.73
405  ,  300.83
370  ,  300.79
313  ,  302.82
246  ,  304.62
220  ,  304.42
224  ,  301.74
147  ,  296.52
219  ,  288.9
139  ,  279.59
110  ,  268.34
167  ,  255.31
109  ,  241.58
278  ,  228.65
187  ,  218.3
316  ,  211.19
230  ,  207.44
324  ,  206.77
147  ,  207.87
372  ,  210
106  ,  212.89
195  ,  214.51
190  ,  214.34
298  ,  214.34
211  ,  215.47
100  ,  215.99
156  ,  213.97
387  ,  211.98
289  ,  213.47
278  ,  217.77
329  ,  223.5
355  ,  231.09
1023  ,  246.15
148  ,  270.33
603  ,  295.57
328  ,  318.86
505  ,  340.57
149  ,  358.12
328  ,  369.04
953  ,  379.65
360  ,  396.47
838  ,  416.8
502  ,  439.4
391  ,  460.48
471  ,  475.83
131  ,  483.95
360  ,  483.29
329  ,  476.65
380  ,  467.46
248  ,  456.12
1023  ,  448.1
345  ,  448.86
173  ,  450.18
167  ,  443.53
265  ,  430.31
474  ,  415.77
320  ,  403.64
1023  ,  398.66
389  ,  404.3
562  ,  414.65
170  ,  422.74
496  ,  426.52
91  ,  425.72
356  ,  419.68
794  ,  414.42
200  ,  414.36
567  ,  415.16
325  ,  415.75
78  ,  413.2
191  ,  403.29
76  ,  387.01
675  ,  370.3
181  ,  358.59
640  ,  351.64
149  ,  348
636  ,  346.7
536  ,  350.35
269  ,  357.8
280  ,  362.85
404  ,  364.92
1023  ,  371.77
406  ,  388.12
480  ,  406.77
278  ,  421.11
316  ,  429.34
281  ,  431.32
444  ,  429.57
396  ,  426.98
325  ,  423.82
578  ,  420.83
1023  ,  425.22
277  ,  438.3
301  ,  449.27
300  ,  452.59
98  ,  448.52
280  ,  437.17
176  ,  421.1
545  ,  404.72
344  ,  392.18
556  ,  384.41
393  ,  381.03
680  ,  382.49
366  ,  388.39
922  ,  399.26
330  ,  415.2
633  ,  431.84
1023  ,  451.76
242  ,  475.99
106  ,  492.07
202  ,  493.66
472  ,  486.8
242  ,  477.03
328  ,  464.51
206  ,  448.84
1023  ,  436.64
745  ,  437.51
383  ,  447.45
94  ,  453.52
197  ,  449.57
642  ,  441.1
176  ,  433.77
179  ,  423.64
262  ,  408.61
458  ,  393.29
461  ,  382.16
269  ,  374.65
252  ,  366.92
122  ,  356.39
127  ,  341.83
103  ,  323.49
290  ,  304.07
173  ,  286.35
132  ,  269.79
122  ,  252.94
179  ,  236.39
164  ,  221.33
90  ,  207.52
327  ,  195.71
205  ,  188.06
251  ,  184.15
158  ,  182.21
288  ,  181.76
171  ,  182.86
246  ,  184.88
126  ,  186.82
254  ,  188.34
113  ,  189.44
164  ,  189.36
138  ,  187.84
212  ,  185.87
134  ,  183.99
206  ,  182.15
306  ,  181.75
228  ,  184.04
402  ,  189.26
214  ,  197.2
308  ,  206.09
150  ,  214.13
279  ,  220.5
267  ,  226.11
209  ,  231.34
195  ,  234.95
274  ,  237.16
322  ,  239.79
285  ,  243.78
206  ,  247.82
275  ,  250.75
315  ,  253.53
299  ,  257.19
273  ,  261.26
275  ,  264.97
307  ,  268.37
271  ,  271.66
233  ,  274.13
179  ,  274.54
105  ,  271.58
134  ,  264.76
110  ,  254.88
61  ,  242.44
333  ,  229.68
204  ,  220.05
507  ,  215.7
397  ,  218.49
452  ,  227.77
301  ,  240.46
331  ,  253.57
152  ,  264.38
350  ,  272.02
188  ,  277.45
282  ,  280.76
201  ,  281.89
222  ,  280.95
322  ,  278.97
256  ,  277.5
292  ,  276.52
422  ,  277.04
324  ,  280.29
284  ,  284.66
255  ,  288.06
291  ,  290.1
289  ,  291.37
265  ,  292.08
235  ,  291.69
256  ,  289.97
306  ,  287.78
266  ,  285.98
206  ,  283.79
281  ,  280.7
279  ,  277.72
284  ,  275.56
163  ,  273.16
190  ,  268.95
176  ,  262.85
200  ,  255.69
151  ,  247.83
149  ,  239.07
96  ,  229.05
79  ,  217.38
76  ,  204.1
72  ,  189.8
65  ,  175.06
98  ,  160.58
232  ,  148.33
114  ,  139.68
231  ,  134.16
148  ,  131.48
187  ,  130.97
139  ,  131.69
174  ,  133.16
218  ,  135.67
148  ,  139.34
227  ,  143.63
148  ,  148.33
627  ,  156.42
588  ,  173.72
508  ,  200.04
526  ,  230.88
506  ,  263.65
663  ,  297.93
441  ,  332.87
767  ,  367.46
439  ,  401.48
791  ,  434.16
348  ,  464.19
536  ,  488.42
353  ,  505.4
332  ,  514.72
345  ,  516.15
369  ,  511.77
287  ,  502.92
401  ,  490.76
302  ,  476.85
440  ,  462.49
289  ,  448.48
427  ,  434.96
287  ,  422.14
292  ,  409.17
299  ,  395.49
307  ,  381.94
259  ,  368.73
388  ,  356.53
422  ,  347.49
384  ,  342.46
647  ,  342.42
354  ,  347.79
433  ,  355.1
332  ,  361.74
332  ,  366.66
435  ,  370.11
350  ,  373.33
654  ,  378.17
402  ,  386.32
383  ,  394.92
406  ,  401.43
446  ,  406.68
560  ,  412.56
395  ,  419.56
607  ,  427.15
406  ,  435.43
401  ,  442.37
681  ,  448.63
447  ,  456.77
368  ,  463.91
586  ,  468.65
367  ,  472.52
556  ,  475.35
407  ,  477.39
392  ,  477.74
438  ,  475.72
433  ,  472.54
328  ,  468.01
400  ,  461.45
258  ,  452.73
367  ,  441.79
361  ,  430.1
397  ,  419.28
345  ,  409.6
304  ,  400.22
314  ,  390.36
272  ,  379.95
231  ,  368.51
424  ,  357.23
555  ,  350.29
614  ,  351.07
714  ,  360.53
592  ,  377.44
597  ,  398.33
687  ,  421.39
788  ,  447.69
666  ,  476.95
550  ,  505.46
771  ,  531.37
518  ,  555.04
581  ,  574.44
656  ,  589.53
595  ,  602.08
830  ,  613.82
798  ,  627.61
1023  ,  645.74
789  ,  668.09
889  ,  691.77
643  ,  713.41
1023  ,  732.69
694  ,  751.05
850  ,  767.13
701  ,  779.59
979  ,  790
650  ,  799.14
496  ,  802.69
374  ,  795.66
534  ,  778.88
358  ,  755.39
499  ,  727.13
382  ,  696.1
443  ,  663.71
322  ,  630.39
418  ,  596.72
313  ,  563.62
376  ,  531.63
269  ,  500.82
378  ,  471.56
296  ,  444.68
326  ,  420.28
206  ,  397.39
232  ,  374.93
338  ,  353.83
352  ,  336.49
277  ,  323.06
395  ,  312.91
762  ,  309.86
305  ,  315.52
647  ,  326.03
654  ,  341.74
601  ,  363.38
625  ,  388.21
526  ,  413.82
897  ,  440.8
694  ,  471.52
669  ,  503.6
610  ,  533.14
398  ,  556.9
782  ,  574.66
597  ,  590.31
488  ,  603.07
880  ,  613.12
736  ,  625.09
635  ,  638.18
536  ,  648.06
332  ,  651.1
437  ,  645.56
362  ,  633.12
473  ,  616.29
446  ,  597.69
428  ,  578.67
279  ,  558.22
383  ,  535.62
486  ,  513.43
394  ,  494.05
394  ,  476.79
460  ,  461.48
410  ,  448.82
290  ,  437.35
294  ,  424.83
319  ,  411.2
301  ,  397.48
343  ,  384.38
241  ,  371.88
307  ,  359.47
480  ,  349.18
315  ,  342.84
534  ,  340.25
516  ,  342.7
533  ,  350.48
544  ,  362.29
677  ,  378.17
646  ,  398.65
526  ,  421.59
605  ,  444.06
677  ,  466.36
699  ,  489.78
895  ,  515.85
599  ,  544.06
565  ,  569.46
540  ,  588.74
540  ,  602.05
503  ,  609.87
419  ,  611.96
523  ,  608.8
510  ,  602.66
430  ,  594.43
531  ,  584.29
299  ,  572.12
348  ,  556.25
332  ,  536.86
362  ,  515.81
356  ,  494.47
426  ,  474.34
340  ,  456.17
297  ,  438.9
214  ,  420.79
238  ,  401.15
249  ,  380.78
373  ,  361.9
255  ,  345.91
229  ,  331.52
199  ,  317.2
232  ,  302.96
195  ,  289.23
248  ,  276.44
197  ,  264.93
507  ,  256.89
231  ,  254.13
396  ,  254.88
210  ,  257.18
301  ,  259.65
230  ,  261.56
271  ,  262.9
198  ,  263.26
225  ,  262.22
256  ,  260.25
304  ,  258.76
329  ,  258.9
576  ,  263.1
323  ,  272.4
441  ,  284.14
263  ,  295.78
355  ,  305.77
320  ,  313.95
294  ,  320.45
281  ,  324.65
235  ,  326.17
312  ,  325.36
212  ,  322.86
217  ,  318.22
192  ,  311.14
330  ,  303.21
275  ,  296.47
279  ,  291.12
285  ,  286.67
338  ,  283.6
219  ,  281.64
256  ,  279.37
190  ,  276.05
260  ,  271.83
216  ,  267.3
181  ,  262.26
197  ,  256.19
242  ,  249.88
280  ,  244.76
398  ,  242.65
308  ,  244.41
251  ,  248.08
519  ,  253.61
283  ,  262.37
334  ,  272.04
370  ,  281.3
470  ,  291.76
366  ,  303.86
259  ,  315.07
523  ,  324.81
279  ,  334.54
342  ,  342.64
486  ,  349.45
362  ,  356.91
582  ,  365.54
377  ,  375.7
523  ,  386.34
405  ,  396.74
509  ,  406.74
335  ,  415.42
498  ,  422.16
353  ,  427.26
456  ,  430.74
341  ,  432.44
291  ,  431.3
205  ,  425.57
300  ,  415.51
228  ,  402.73
300  ,  388.45
257  ,  373.76
321  ,  359.64
216  ,  346.25
312  ,  333.45
200  ,  321.3
251  ,  309.43
145  ,  297.21
208  ,  284.33
134  ,  270.92
140  ,  256.89
482  ,  245.14
451  ,  240.87
639  ,  246.26
441  ,  260.09
461  ,  278.28
376  ,  297.24
363  ,  314.83
404  ,  330.23
185  ,  342.24
223  ,  348.36
318  ,  349.41
353  ,  348.7
576  ,  349.83
589  ,  356.36
749  ,  370.08
836  ,  392.26
996  ,  424.18
740  ,  463.7
710  ,  504.64
719  ,  542.83
922  ,  579.23
576  ,  613.63
595  ,  641.59
365  ,  659.25
441  ,  665.61
397  ,  662.17
386  ,  651.22
366  ,  634.17
337  ,  612.34
358  ,  587.16
347  ,  560.26
417  ,  533.49
390  ,  508.51
411  ,  486.01
450  ,  466.58
372  ,  450.29
366  ,  435.92
369  ,  422.77
588  ,  412.76
674  ,  409.75
708  ,  415.6
609  ,  428.5
543  ,  444.48
576  ,  460.66
472  ,  475.62
649  ,  489.18
786  ,  504.39
650  ,  522.92
567  ,  541.59
631  ,  557.84
672  ,  572.41
629  ,  586.07
621  ,  598.15
871  ,  610.19
743  ,  624.77
1023  ,  643.03
898  ,  666.01
749  ,  690.87
737  ,  712.82
804  ,  730.96
684  ,  745.64
884  ,  757.41
637  ,  766.87
666  ,  772.09
533  ,  771.28
571  ,  764.33
572  ,  752.45
499  ,  736.92
537  ,  718.26
533  ,  697.79
489  ,  676.53
465  ,  654.4
473  ,  631.63
397  ,  608.45
428  ,  584.79
443  ,  561.54
488  ,  540.22
383  ,  521.06
377  ,  502.78
371  ,  484.77
372  ,  467.4
401  ,  451.3
633  ,  439.07
777  ,  435.34
632  ,  441.26
837  ,  454.79
736  ,  475.03
686  ,  499.39
651  ,  524.13
728  ,  548.01
742  ,  571.53
684  ,  594.41
556  ,  614.19
574  ,  628.54
765  ,  639.1
924  ,  650.97
880  ,  667.25
937  ,  687.36
795  ,  709.19
816  ,  729.94
735  ,  747.72
856  ,  762.48
549  ,  773.3
845  ,  779.13
691  ,  782.06
797  ,  783.45
668  ,  783.03
516  ,  778.79
419  ,  767.44
427  ,  748.35
558  ,  724.34
369  ,  698.05
494  ,  669.88
481  ,  641.57
442  ,  614.58
434  ,  588.66
472  ,  564.26
332  ,  541.22
434  ,  518.83
329  ,  497.34
400  ,  476.92
388  ,  458.19
487  ,  442.55
323  ,  429.94
381  ,  418.66
410  ,  408.61
463  ,  401.19
394  ,  396.56
621  ,  395.36
465  ,  398.67
305  ,  403.32
287  ,  404.82
358  ,  402.86
715  ,  402.23
923  ,  410.69
536  ,  428.95
398  ,  448.37
465  ,  463.19
529  ,  474.52
1023  ,  488.42
659  ,  509.42
854  ,  534.82
628  ,  561.12
765  ,  586.29
956  ,  611.71
637  ,  638.11
569  ,  660.23
412  ,  673.39
455  ,  676.52
474  ,  671.53
333  ,  660
446  ,  642.66
317  ,  621.09
609  ,  598.18
486  ,  577.71
505  ,  560.28
349  ,  543.79
384  ,  526.45
342  ,  507.95
313  ,  488.57
362  ,  468.73
346  ,  449.63
547  ,  433.46
348  ,  421.6
382  ,  412.06
618  ,  405.45
602  ,  405.28
588  ,  411.55
463  ,  421.15
458  ,  430.81
405  ,  438.66
387  ,  443.82
534  ,  447.26
355  ,  450.05
413  ,  451
393  ,  449.86
384  ,  447.24
413  ,  443.49
655  ,  441.38
542  ,  443.84
505  ,  449.51
687  ,  457.42
377  ,  466.9
533  ,  475
587  ,  482.22
483  ,  489.84
573  ,  497
435  ,  503.07
627  ,  508.16
278  ,  511.51
385  ,  510.17
240  ,  503.02
611  ,  493.22
378  ,  484.68
472  ,  477.36
308  ,  469.52
442  ,  460.71
459  ,  452.44
462  ,  446.24
332  ,  440.95
302  ,  434.19
384  ,  425.65
421  ,  417.43
460  ,  411.3
421  ,  407.58
324  ,  404.72
657  ,  403.42
491  ,  406.61
652  ,  414.44
587  ,  426.3
414  ,  439.71
409  ,  450.45
407  ,  457.31
403  ,  460.88
268  ,  460.62
500  ,  457.16
332  ,  452.66
405  ,  447.27
313  ,  440.45
507  ,  433.42
446  ,  428.39
453  ,  425.68
447  ,  424.4
413  ,  423.93
446  ,  423.76
408  ,  423.78
325  ,  422.91
409  ,  420.43
464  ,  417.93
395  ,  416.52
343  ,  414.88
390  ,  412.1
357  ,  408.61
314  ,  404.2
408  ,  399.01
383  ,  394.39
408  ,  390.91
428  ,  388.77
274  ,  387
355  ,  383.88
339  ,  379.78
314  ,  375.26
326  ,  370.12
213  ,  363.77
255  ,  355.27
383  ,  346.24
403  ,  339.68
278  ,  335.56
546  ,  333.74
660  ,  338.04
408  ,  348.8
512  ,  361.81
362  ,  374.53
396  ,  385.32
354  ,  393.26
418  ,  398.89
380  ,  402.98
389  ,  405.72
342  ,  406.82
425  ,  406.6
458  ,  406.62
461  ,  408.07
765  ,  413.34
672  ,  425.54
701  ,  443.83
559  ,  464.74
617  ,  485.36
598  ,  504.72
617  ,  522.8
537  ,  538.84
636  ,  552.45
401  ,  562.82
467  ,  567.91
370  ,  567.18
398  ,  561.25
429  ,  551.43
540  ,  540.62
484  ,  531.01
463  ,  522.45
403  ,  513.68
463  ,  504.35
327  ,  494.32
366  ,  482.65
171  ,  468.06
161  ,  448.79
129  ,  424.47
94  ,  396.34
140  ,  365.74
107  ,  334.44
200  ,  304.23
109  ,  276.32
512  ,  253.63
118  ,  238.27
250  ,  226.93
80  ,  216.58
126  ,  206.01
96  ,  194.74
154  ,  183.66
146  ,  173.71
210  ,  165.82
141  ,  160.17
305  ,  157.13
208  ,  157.49
467  ,  162.3
241  ,  171.92
409  ,  184.71
212  ,  198.78
339  ,  212.56
230  ,  225.25
250  ,  236.12
223  ,  244.46
234  ,  250.43
233  ,  254.35
287  ,  257.08
240  ,  259.32
293  ,  261.2
250  ,  262.89
332  ,  264.78
228  ,  266.89
264  ,  268.37
203  ,  268.56
325  ,  268.07
196  ,  267.5
226  ,  266.04
227  ,  263.39
144  ,  259.5
136  ,  253.39
128  ,  244.93
236  ,  235.62
158  ,  227.02
318  ,  220.17
210  ,  215.95
191  ,  213.27
307  ,  211.6
153  ,  211.23
194  ,  210.64
127  ,  208.77
170  ,  205.59
158  ,  201.56
198  ,  197.49
210  ,  194.19
180  ,  191.85
271  ,  190.66
265  ,  191.57
365  ,  195.53
504  ,  204.37
332  ,  218.33
532  ,  235.67
232  ,  254.45
368  ,  271.57
236  ,  285.57
250  ,  295.8
286  ,  302.28
295  ,  306.48
261  ,  308.95
252  ,  309.48
271  ,  308.24
405  ,  307.01
326  ,  307.54
227  ,  308.38
300  ,  307.77
276  ,  306.26
240  ,  304.03
172  ,  300
221  ,  293.7
197  ,  285.94
203  ,  277.39
128  ,  267.79
114  ,  256.44
117  ,  243.3
120  ,  229.19
104  ,  214.73
105  ,  200.25
267  ,  187.44
111  ,  177.67
263  ,  170.57
85  ,  165.48
255  ,  161.82
124  ,  159.61
111  ,  157.73
118  ,  154.94
139  ,  151.73
205  ,  149.23
291  ,  149.3
160  ,  152.19
412  ,  157.76
438  ,  168.45
453  ,  185.33
249  ,  205.1
522  ,  225.47
252  ,  246.21
254  ,  264.4
209  ,  277.55
313  ,  286.55
228  ,  292.73
248  ,  296.19
231  ,  296.95
257  ,  295.74
223  ,  293.06
273  ,  289.43
257  ,  285.59
310  ,  282.3
215  ,  279.49
230  ,  276.15
201  ,  271.75
263  ,  266.83
161  ,  261.63
137  ,  255.02
148  ,  246.44
212  ,  237.14
139  ,  228.12
96  ,  218.58
94  ,  207.67
283  ,  197.21
179  ,  189.65
158  ,  184.22
129  ,  179.16
145  ,  174.04
116  ,  168.84
151  ,  163.67
148  ,  159.02
113  ,  154.85
181  ,  151.16
175  ,  148.71
193  ,  147.9
228  ,  148.88
262  ,  152.2
301  ,  158.34
245  ,  166.87
410  ,  177.71
179  ,  190.3
409  ,  203.27
317  ,  217.22
244  ,  231.25
298  ,  243.38
297  ,  253.96
231  ,  262.88
236  ,  269.22
286  ,  273.33
236  ,  276.06
328  ,  277.99
277  ,  279.93
314  ,  282.02
218  ,  283.58
189  ,  283.18
195  ,  280.1
243  ,  275.34
167  ,  269.63
124  ,  262.22
145  ,  252.61
144  ,  241.61
125  ,  229.91
204  ,  218.39
120  ,  207.81
102  ,  197.44
163  ,  187.07
220  ,  178.36
73  ,  171.42
140  ,  164.67
100  ,  157.86
258  ,  152.41
144  ,  149.46
110  ,  147.7
184  ,  146
133  ,  144.93
512  ,  147.21
182  ,  155.07
309  ,  165.67
223  ,  176.67
326  ,  188.1
243  ,  199.77
389  ,  211.93
204  ,  224.27
425  ,  236.3
224  ,  248.17
298  ,  258.67
247  ,  266.92
188  ,  272.49
244  ,  274.93
262  ,  275.47
261  ,  275.29
270  ,  274.77
232  ,  273.84
279  ,  272.46
240  ,  270.92
248  ,  269.12
212  ,  266.71
277  ,  263.91
163  ,  260.75
165  ,  256.11
149  ,  249.46
189  ,  241.59
150  ,  233.23
121  ,  224.24
120  ,  214.27
230  ,  204.51
132  ,  196.21
168  ,  188.89
97  ,  181.77
73  ,  173.97
96  ,  165.13
92  ,  155.93
94  ,  146.88
141  ,  138.64
243  ,  132.89
170  ,  130.66
161  ,  130.76
321  ,  133.21
232  ,  139.16
414  ,  148.9
175  ,  161.51
259  ,  174.18
264  ,  185.95
286  ,  197.59
252  ,  208.88
287  ,  219.44
335  ,  229.79
253  ,  240.03
324  ,  249.5
271  ,  258.13
355  ,  266.24
285  ,  274.04
432  ,  282.11
303  ,  290.88
339  ,  299.3
247  ,  305.96
308  ,  310.37
287  ,  312.98
170  ,  313.34
149  ,  309.74
178  ,  302.17
189  ,  292.23
128  ,  280.72
128  ,  267.45
143  ,  252.93
139  ,  238.14
108  ,  223.42
262  ,  209.95
84  ,  198.69
96  ,  187.92
90  ,  176.59
124  ,  165.47
112  ,  155.27
258  ,  147.38
289  ,  144.03
400  ,  146.83
185  ,  154.54
260  ,  163.76
164  ,  172.53
448  ,  182.02
208  ,  193.63
416  ,  206.58
252  ,  220.23
380  ,  234.03
292  ,  247.53
380  ,  260.69
235  ,  272.71
294  ,  282.29
249  ,  289.13
241  ,  293.33
335  ,  295.66
235  ,  297.14
270  ,  297.34
238  ,  296.06
303  ,  293.99
312  ,  292.24
222  ,  290.75
245  ,  288.3
237  ,  284.77
242  ,  280.63
177  ,  275.65
214  ,  269.48
189  ,  262.48
134  ,  254.5
178  ,  245.32
159  ,  235.62
148  ,  225.81
190  ,  216.24
149  ,  207.42
229  ,  199.78
73  ,  193
155  ,  185.86
175  ,  178.92
78  ,  172.55
165  ,  166.13
183  ,  160.63
363  ,  158.49
142  ,  160.25
277  ,  163.89
286  ,  169.32
330  ,  177.54
244  ,  187.68
295  ,  198.36
269  ,  209.01
322  ,  219.72
339  ,  230.91
333  ,  242.75
383  ,  255.16
378  ,  268.33
298  ,  281.32
307  ,  292.48
243  ,  300.87
252  ,  305.97
264  ,  308.12
262  ,  308.22
284  ,  306.98
231  ,  304.69
236  ,  301.01
239  ,  296.08
204  ,  290.15
171  ,  282.86
183  ,  274.03
199  ,  264.39
157  ,  254.45
122  ,  243.75
170  ,  232.32
172  ,  221.22
100  ,  210.56
153  ,  199.87
214  ,  190.26
150  ,  182.69
104  ,  176.02
187  ,  169.64
135  ,  164.24
120  ,  159.48
103  ,  154.56
148  ,  149.64
134  ,  145.35
200  ,  142.37
208  ,  141.51
198  ,  142.86
333  ,  146.86
234  ,  154.05
357  ,  163.93
231  ,  175.74
287  ,  188.02
220  ,  199.59
305  ,  210.3
274  ,  220.59
343  ,  230.99
347  ,  242.03
320  ,  253.59
252  ,  264.23
302  ,  272.9
276  ,  279.82
342  ,  285.72
270  ,  290.93
289  ,  294.95
242  ,  297.29
274  ,  297.91
229  ,  296.98
281  ,  294.85
242  ,  292.04
226  ,  288.46
189  ,  283.53
200  ,  277.09
295  ,  270.37
311  ,  265.4
452  ,  264.11
353  ,  267.28
508  ,  274.57
307  ,  284.82
365  ,  295.45
218  ,  304.14
381  ,  310.48
311  ,  315.71
363  ,  320.54
364  ,  325.18
370  ,  330.01
400  ,  335.19
390  ,  340.92
374  ,  346.83
525  ,  353.57
413  ,  362.15
484  ,  371.82
458  ,  382.05
410  ,  392.13
411  ,  400.79
422  ,  407.8
460  ,  413.82
489  ,  419.84
482  ,  426.38
415  ,  432.68
321  ,  436.69
323  ,  436.76
332  ,  433.15
352  ,  427.2
299  ,  419.63
354  ,  410.82
258  ,  401.04
293  ,  389.99
252  ,  377.8
398  ,  365.95
350  ,  356.39
344  ,  349.23
300  ,  343.3
287  ,  337.63
356  ,  332.33
491  ,  329.59
532  ,  331.98
488  ,  339.64
365  ,  349.67
356  ,  358.73
272  ,  364.94
275  ,  367.36
301  ,  366.37
382  ,  363.94
411  ,  362.26
367  ,  361.96
371  ,  362.29
344  ,  362.57
403  ,  362.88
400  ,  363.92
466  ,  366.44
419  ,  370.67
444  ,  376.06
337  ,  381.3
372  ,  385.01
354  ,  386.98
479  ,  388.57
512  ,  391.98
425  ,  397.5
395  ,  403.07
510  ,  408.22
354  ,  413.25
444  ,  417.16
377  ,  419.73
428  ,  421.26
386  ,  421.89
363  ,  421.36
306  ,  418.78
334  ,  413.83
269  ,  406.7
374  ,  398.16
308  ,  389.49
229  ,  380.13
291  ,  369.2
431  ,  358.97
335  ,  351.6
515  ,  347.69
378  ,  347.57
383  ,  349.62
378  ,  352.19
239  ,  353.89
286  ,  352.97
229  ,  349.24
360  ,  344.02
385  ,  339.69
342  ,  337.32
487  ,  337.19
390  ,  339.99
344  ,  344.17
378  ,  348
408  ,  351.86
437  ,  356.61
403  ,  362.34
377  ,  368.09
432  ,  373.41
391  ,  378.6
429  ,  383.59
476  ,  388.94
416  ,  394.99
402  ,  400.66
361  ,  404.8
394  ,  407.13
308  ,  407.52
456  ,  406.46
423  ,  405.8
350  ,  405.52
396  ,  404.48
427  ,  403.28
278  ,  401.68
308  ,  397.89
330  ,  392.02
354  ,  385.55
344  ,  379.31
225  ,  372.52
271  ,  363.89
292  ,  354.1
228  ,  343.93
250  ,  333.11
458  ,  323.68
182  ,  316.93
208  ,  309.86
172  ,  300.65
162  ,  289.67
308  ,  278.4
520  ,  271.32
542  ,  272.44
573  ,  282.13
695  ,  299.74
674  ,  324.86
433  ,  353.56
398  ,  379.68
453  ,  400.91
422  ,  418.07
297  ,  430.5
335  ,  436.96
386  ,  438.67
485  ,  438.65
442  ,  438.98
483  ,  440.02
422  ,  441.38
470  ,  442.68
417  ,  443.73
439  ,  444.27
295  ,  443.16
301  ,  438.71
273  ,  430.58
247  ,  419.27
254  ,  405.32
320  ,  390.25
253  ,  375.41
232  ,  360.5
247  ,  345.26
290  ,  330.68
246  ,  317.54
243  ,  305.54
251  ,  294.46
293  ,  284.88
237  ,  277.05
546  ,  272.76
402  ,  274.7
301  ,  280.67
154  ,  285.5
161  ,  286.17
358  ,  284.14
469  ,  284.29
362  ,  288.64
214  ,  294
227  ,  296.8
226  ,  296.54
275  ,  294.46
261  ,  291.73
272  ,  288.85
212  ,  285.54
542  ,  283.79
470  ,  287.62
480  ,  297.13
531  ,  310.64
523  ,  327.63
623  ,  347.8
635  ,  371.4
600  ,  397.57
733  ,  425.45
693  ,  455.28
663  ,  485.82
343  ,  512.49
372  ,  530.13
311  ,  537.72
342  ,  536.88
333  ,  529.6
317  ,  517.59
277  ,  501.72
365  ,  483.37
384  ,  464.99
331  ,  447.77
457  ,  432.31
383  ,  419.71
421  ,  409.83
302  ,  401.39
230  ,  392.12
432  ,  382
432  ,  374.27
335  ,  369.47
324  ,  365.39
305  ,  360.87
288  ,  355.62
290  ,  349.59
537  ,  345.04
483  ,  345.37
385  ,  349.73
405  ,  355.16
402  ,  360.73
326  ,  365.73
514  ,  370.38
680  ,  378.41
450  ,  391.13
405  ,  404.23
337  ,  414.05
423  ,  420.28
642  ,  426.19
651  ,  436.01
628  ,  450.21
668  ,  467.31
780  ,  487.45
692  ,  510.65
728  ,  535.24
476  ,  557.9
380  ,  573.77
351  ,  580.1
469  ,  578.7
315  ,  571.85
351  ,  559.81
300  ,  543.14
355  ,  523.4
272  ,  501.78
388  ,  479.46
298  ,  457.8
252  ,  436.46
324  ,  415.17
290  ,  395.12
259  ,  376.46
317  ,  359.14
259  ,  343.64
441  ,  331.03
69  ,  320.49
146  ,  307.95
50  ,  291.68
188  ,  273.33
186  ,  255.43
69  ,  238.61
153  ,  221.91
118  ,  205.98
203  ,  191.97
125  ,  180.32
167  ,  170.63
178  ,  162.87
114  ,  156.85
153  ,  151.71
119  ,  147.24
214  ,  143.96
200  ,  142.86
149  ,  143.58
108  ,  144.38
314  ,  145.82
184  ,  149.65
181  ,  154.71
274  ,  160.21
289  ,  167.45
196  ,  176.05
238  ,  184.34
313  ,  192.67
266  ,  201.95
216  ,  211.07
174  ,  218.24
298  ,  223.62
192  ,  228.26
274  ,  232.15
280  ,  235.85
270  ,  239.98
242  ,  243.96
198  ,  246.79
80  ,  246.76
364  ,  244.58
191  ,  243.08
237  ,  242.03
252  ,  240.81
232  ,  239.97
153  ,  238.58
188  ,  235.66
207  ,  231.77
303  ,  228.62
316  ,  227.96
261  ,  229.78
259  ,  232.61
309  ,  236.05
286  ,  240.45
342  ,  245.92
284  ,  252.29
291  ,  258.7
279  ,  264.47
343  ,  269.97
333  ,  275.92
368  ,  282.68
422  ,  290.76
474  ,  301.17
522  ,  314.69
359  ,  330.03
388  ,  344.22
338  ,  355.81
234  ,  363.63
171  ,  365.7
277  ,  362.31
239  ,  355.78
277  ,  347.62
260  ,  338.66
264  ,  329.45
185  ,  319.64
265  ,  309.06
268  ,  298.95
253  ,  290.09
214  ,  281.95
222  ,  273.91
233  ,  266.13
311  ,  259.66
299  ,  255.68
295  ,  254.12
269  ,  254.08
254  ,  254.62
188  ,  254.6
218  ,  253.2
272  ,  251.19
441  ,  251.26
357  ,  255.46
383  ,  262.84
299  ,  271.48
350  ,  280.05
358  ,  288.51
388  ,  297.39
390  ,  306.88
367  ,  316.61
322  ,  325.48
292  ,  332.25
272  ,  336.17
215  ,  336.76
310  ,  334.49
324  ,  331.31
347  ,  328.72
318  ,  326.92
427  ,  326.38
262  ,  327.01
307  ,  327.09
246  ,  325.63
328  ,  323.09
213  ,  319.72
278  ,  315.14
241  ,  309.61
303  ,  303.98
297  ,  299.1
344  ,  295.75
239  ,  293.53
335  ,  291.7
274  ,  290.43
304  ,  289.68
308  ,  289.36
356  ,  290.07
305  ,  291.96
265  ,  293.92
202  ,  294.27
184  ,  291.91
209  ,  286.96
180  ,  280.21
189  ,  272.12
190  ,  263.18
215  ,  254.18
248  ,  246.12
266  ,  239.92
285  ,  236.05
225  ,  234.05
373  ,  233.93
332  ,  236.82
240  ,  241.7
278  ,  246.42
240  ,  250.42
309  ,  254
283  ,  257.75
429  ,  262.81
386  ,  270.54
445  ,  281.02
381  ,  293.34
468  ,  306.79
414  ,  321.13
470  ,  335.97
336  ,  350.09
354  ,  361.62
285  ,  369.45
326  ,  373.56
310  ,  374.69
274  ,  373.28
274  ,  369.26
232  ,  362.74
284  ,  354.3
288  ,  345.2
221  ,  335.82
339  ,  326.45
423  ,  319.44
380  ,  316.43
337  ,  316.2
163  ,  315.63
231  ,  312.21
155  ,  305.79
166  ,  296.71
165  ,  285.45
220  ,  273.41
216  ,  262.02
268  ,  252.31
255  ,  244.89
346  ,  240.41
252  ,  238.92
288  ,  239.28
316  ,  241.06
380  ,  245.15
304  ,  251.5
206  ,  257.88
250  ,  262.2
271  ,  264.92
334  ,  267.52
460  ,  272.18
352  ,  279.95
440  ,  289.8
399  ,  301.14
490  ,  314.03
374  ,  327.88
384  ,  340.95
371  ,  352.12
413  ,  361.7
254  ,  369.02
280  ,  372.38
252  ,  371.49
274  ,  367.33
189  ,  360.26
318  ,  351.04
266  ,  341.47
337  ,  332.73
369  ,  325.9
363  ,  321.78
350  ,  319.93
550  ,  321.23
592  ,  328.36
559  ,  341.79
414  ,  358.16
412  ,  373.61
424  ,  386.74
268  ,  396.59
520  ,  403.22
577  ,  410.49
629  ,  421.41
539  ,  435.31
454  ,  449.31
604  ,  462.04
575  ,  474.9
590  ,  488.31
392  ,  500.09
583  ,  508.71
467  ,  515.2
426  ,  519.18
463  ,  519.81
516  ,  518.58
657  ,  518.27
403  ,  519.35
378  ,  518.24
377  ,  513.03
500  ,  505.65
347  ,  497.6
444  ,  488.58
421  ,  479.28
282  ,  469.37
279  ,  456.82
260  ,  441.35
329  ,  424.37
298  ,  407.53
329  ,  391.64
306  ,  377.07
322  ,  363.97
370  ,  352.89
366  ,  344.58
290  ,  338.36
378  ,  333.39
310  ,  329.78
385  ,  327.55
308  ,  326.48
265  ,  325.35
252  ,  322.76
233  ,  318.45
223  ,  312.46
282  ,  305.54
395  ,  299.95
330  ,  297.33
376  ,  297.3
336  ,  299.14
360  ,  302.26
346  ,  306.21
360  ,  310.73
407  ,  316.05
289  ,  321.72
352  ,  326.45
268  ,  329.69
356  ,  331.54
292  ,  332.52
415  ,  333.46
353  ,  335.33
488  ,  338.93
394  ,  344.64
420  ,  351.57
369  ,  358.46
460  ,  365.19
269  ,  371.12
234  ,  373.58
238  ,  371.23
262  ,  365.26
249  ,  357.06
284  ,  347.69
220  ,  337.68
230  ,  326.82
326  ,  316.1
387  ,  307.98
367  ,  303.69
339  ,  302.42
323  ,  302.74
610  ,  306.11
652  ,  316.56
630  ,  334.91
463  ,  357.29
221  ,  377.16
188  ,  388.92
299  ,  392.52
209  ,  390.58
212  ,  383.97
243  ,  373.56
481  ,  363.07
620  ,  358.1
426  ,  360.13
284  ,  364.24
108  ,  364.48
128  ,  357.92
142  ,  345.38
73  ,  328.55
164  ,  308.73
218  ,  288.62
148  ,  269.99
103  ,  252.03
226  ,  234.87
145  ,  219.85
194  ,  207.03
170  ,  196.25
183  ,  187.48
178  ,  180.51
211  ,  175.43
193  ,  172.29
237  ,  171.09
206  ,  171.71
190  ,  173.41
216  ,  175.59
181  ,  178.07
170  ,  180.25
149  ,  181.49
124  ,  181.35
160  ,  179.87
133  ,  177.59
103  ,  174.38
90  ,  169.75
155  ,  164.27
79  ,  158.64
61  ,  152.24
63  ,  144.56
58  ,  136
50  ,  126.91
52  ,  117.57
53  ,  108.31
60  ,  99.51
78  ,  91.61
66  ,  84.91
93  ,  79.5
54  ,  75.29
147  ,  72.46
119  ,  71.74
119  ,  72.97
182  ,  75.9
161  ,  80.91
155  ,  87.44
147  ,  94.61
135  ,  101.74
219  ,  109.03
219  ,  117.47
220  ,  127.21
195  ,  137.43
247  ,  147.71
212  ,  158.07
202  ,  167.91
189  ,  176.5
218  ,  183.78
159  ,  189.73
185  ,  193.95
160  ,  196.47
197  ,  197.7
158  ,  198
182  ,  197.44
127  ,  195.86
127  ,  192.88
112  ,  188.34
128  ,  182.66
98  ,  176.17
62  ,  168.64
78  ,  159.87
52  ,  150.18
60  ,  139.89
53  ,  129.32
95  ,  119.19
36  ,  109.87
75  ,  101.16
82  ,  93.42
118  ,  87.38
74  ,  83.13
107  ,  80.22
98  ,  78.53
113  ,  78.07
112  ,  78.72
156  ,  80.67
133  ,  84.06
138  ,  88.46
127  ,  93.29
200  ,  98.75
171  ,  105.37
174  ,  112.81
135  ,  120.12
214  ,  127.14
185  ,  134.42
180  ,  141.81
141  ,  148.41
206  ,  154.04
212  ,  159.54
186  ,  165.17
184  ,  170.34
203  ,  174.89
175  ,  178.88
200  ,  182.23
198  ,  185.14
195  ,  187.77
127  ,  189.48
129  ,  189.32
116  ,  187.12
161  ,  183.59
106  ,  179.35
96  ,  174.09
67  ,  167.41
74  ,  159.34
93  ,  150.51
46  ,  141.37
32  ,  131.59
63  ,  121.26
75  ,  111.34
88  ,  102.62
84  ,  95.36
445  ,  92.43
233  ,  96.98
232  ,  106.58
256  ,  118.18
445  ,  132.85
383  ,  152.12
302  ,  174.14
534  ,  197.64
352  ,  223.1
467  ,  249.12
604  ,  276.19
567  ,  306.09
651  ,  338.31
599  ,  371.93
444  ,  404.13
422  ,  431.04
410  ,  451.33
388  ,  465.36
410  ,  473.89
365  ,  477.74
287  ,  476.76
331  ,  470.83
316  ,  461.29
358  ,  449.78
312  ,  437.3
335  ,  424.28
350  ,  411.39
376  ,  399.67
338  ,  389.45
369  ,  380.55
372  ,  373.17
505  ,  368.57
677  ,  369.81
620  ,  378.87
379  ,  392.15
289  ,  403.06
314  ,  408.61
342  ,  409.79
422  ,  408.91
352  ,  407.43
414  ,  405.58
372  ,  403.6
391  ,  401.56
334  ,  399.04
430  ,  396.25
396  ,  394.17
458  ,  393.42
420  ,  394.14
328  ,  395.08
326  ,  394.35
353  ,  391.8
396  ,  388.73
416  ,  386.44
484  ,  386.04
440  ,  388.01
404  ,  391.28
456  ,  394.89
497  ,  399.55
401  ,  405.14
345  ,  409.59
376  ,  411.59
389  ,  411.81
321  ,  410.58
292  ,  407.04
287  ,  400.8
331  ,  392.74
370  ,  384.54
380  ,  377.59
383  ,  372.32
390  ,  368.69
366  ,  366.36
401  ,  365.05
533  ,  366.01
616  ,  371.76
327  ,  381.06
558  ,  390.61
458  ,  400.64
449  ,  410.89
359  ,  419.27
425  ,  424.97
592  ,  430.13
631  ,  438.29
597  ,  450.18
623  ,  464.51
525  ,  479.57
454  ,  492.74
416  ,  501.78
490  ,  506.78
440  ,  509.05
422  ,  508.79
356  ,  505.37
354  ,  498.42
343  ,  488.36
459  ,  477
527  ,  467.37
492  ,  461.14
443  ,  457.29
448  ,  454.33
416  ,  451.56
367  ,  448.17
464  ,  444.12
379  ,  440.21
313  ,  435.39
257  ,  427.84
280  ,  417.17
272  ,  404.32
291  ,  390.44
290  ,  376.48
260  ,  362.8
244  ,  349.14
373  ,  336.5
335  ,  326.7
395  ,  320.29
486  ,  318.09
570  ,  321.83
348  ,  330.32
304  ,  338.81
244  ,  344.02
254  ,  345.31
252  ,  343.22
271  ,  338.83
364  ,  333.89
401  ,  330.64
422  ,  330.32
399  ,  332.71
256  ,  335.72
285  ,  336.82
269  ,  335.61
324  ,  333.1
282  ,  330.11
308  ,  326.81
239  ,  322.92
305  ,  318.32
299  ,  313.81
332  ,  310.2
716  ,  311.06
727  ,  321.85
724  ,  343.12
700  ,  371.54
650  ,  403.65
426  ,  434.73
353  ,  459.36
302  ,  474.82
344  ,  481.72
296  ,  481.76
377  ,  476.8
311  ,  468.57
308  ,  457.71
260  ,  444.2
260  ,  428.31
398  ,  411.85
409  ,  397.83
380  ,  387.18
409  ,  379.31
528  ,  375.01
683  ,  377.02
598  ,  386.52
508  ,  400.6
380  ,  414.5
175  ,  423.35
470  ,  426.06
524  ,  427.59
280  ,  429.48
649  ,  431.03
606  ,  435.96
401  ,  443.96
334  ,  449.78
377  ,  451.35
387  ,  449.86
496  ,  447.49
434  ,  445.87
312  ,  443.77
342  ,  439.12
414  ,  432.76
436  ,  426.91
470  ,  422.84
468  ,  420.98
517  ,  421.51
482  ,  424.34
497  ,  428.78
401  ,  433.48
439  ,  437.09
417  ,  439.42
370  ,  440.26
351  ,  438.85
263  ,  434.34
292  ,  426.29
310  ,  415.71
272  ,  403.75
286  ,  390.78
285  ,  377.37
307  ,  364.33
355  ,  352.75
391  ,  343.91
363  ,  338.17
332  ,  334.6
478  ,  333.23
425  ,  335.28
375  ,  339.78
244  ,  343.69
214  ,  344.23
217  ,  340.67
270  ,  334.35
300  ,  327.26
342  ,  321.06
230  ,  315.78
370  ,  311.01
306  ,  307.63
340  ,  305.81
328  ,  305.15
358  ,  305.74
270  ,  306.93
252  ,  307.2
269  ,  305.9
289  ,  303.73
286  ,  301.41
269  ,  299.03
340  ,  296.96
329  ,  296.1
313  ,  296.49
416  ,  298.28
362  ,  302.2
315  ,  307.19
316  ,  311.63
350  ,  315.43
216  ,  318.08
268  ,  318.29
304  ,  316.68
265  ,  314.44
216  ,  311.04
210  ,  305.7
194  ,  298.45
221  ,  289.87
288  ,  281.43
273  ,  274.55
229  ,  269.02
312  ,  264.54
437  ,  263
291  ,  265.32
292  ,  269.12
152  ,  271.6
457  ,  273.21
490  ,  278.21
454  ,  288.32
197  ,  299.62
526  ,  309.65
382  ,  320.47
296  ,  331.19
192  ,  338.06
575  ,  342.51
496  ,  349.72
632  ,  361.72
341  ,  376.18
370  ,  388.65
408  ,  397.61
374  ,  404.19
408  ,  408.77
490  ,  412.63
554  ,  417.93
492  ,  425.37
414  ,  433.08
428  ,  439.08
424  ,  443.14
326  ,  444.86
332  ,  443.15
334  ,  438.16
241  ,  430.18
252  ,  418.8
213  ,  404.3
250  ,  387.66
244  ,  370.16
257  ,  352.87
269  ,  336.58
301  ,  322.14
254  ,  309.81
277  ,  299.17
300  ,  290.34
445  ,  284.91
508  ,  285.33
455  ,  291.95
303  ,  301.49
286  ,  309.91
314  ,  315.91
362  ,  320.58
523  ,  326.41
526  ,  335.96
428  ,  348.6
351  ,  360.98
406  ,  371.16
396  ,  379.52
392  ,  386.48
354  ,  391.67
397  ,  395.07
338  ,  396.89
300  ,  396.53
342  ,  393.76
319  ,  389.44
405  ,  384.75
450  ,  381.5
514  ,  381.4
351  ,  383.81
384  ,  386.17
367  ,  387.49
366  ,  387.96
351  ,  387.49
372  ,  386.24
310  ,  384.15
311  ,  380.65
334  ,  375.91
338  ,  370.78
300  ,  365.47
330  ,  359.85
294  ,  354.05
402  ,  348.86
349  ,  345.32
286  ,  342.67
284  ,  339.29
335  ,  335.35
529  ,  333.5
617  ,  337.58
559  ,  348.59
391  ,  362.94
409  ,  376.29
386  ,  387.19
384  ,  395.63
376  ,  401.62
357  ,  405.26
355  ,  406.6
376  ,  406.13
359  ,  404.49
369  ,  401.98
331  ,  398.6
365  ,  394.41
418  ,  390.42
392  ,  387.64
370  ,  385.69
312  ,  383.39
275  ,  379.5
300  ,  373.64
377  ,  367.21
487  ,  362.89
392  ,  361.98
418  ,  363.25
413  ,  365.74
483  ,  369.78
372  ,  375.07
375  ,  379.93
330  ,  383.09
308  ,  383.95
277  ,  382.07
349  ,  378.05
308  ,  373.13
313  ,  367.63
267  ,  361.26
321  ,  354.14
271  ,  346.8
309  ,  339.46
232  ,  331.94
309  ,  324.22
360  ,  317.63
430  ,  314.14
225  ,  313.04
179  ,  310.63
168  ,  304.8
159  ,  295.93
134  ,  284.58
518  ,  274.36
597  ,  272.01
604  ,  280.21
643  ,  297.23
599  ,  320.77
532  ,  347.58
554  ,  374.72
532  ,  400.87
526  ,  425.18
488  ,  446.72
388  ,  463.96
436  ,  475.82
521  ,  483.88
564  ,  490.88
726  ,  499.55
640  ,  511.52
590  ,  525.11
632  ,  538.31
609  ,  550.89
497  ,  561.64
374  ,  567.62
422  ,  567.28
383  ,  561.6
332  ,  551.37
330  ,  536.85
343  ,  519.17
315  ,  499.64
309  ,  478.95
334  ,  457.91
328  ,  437.61
383  ,  419.07
361  ,  403.15
361  ,  389.83
283  ,  378.11
311  ,  366.96
395  ,  357.1
357  ,  349.83
294  ,  344.32
249  ,  338.63
213  ,  331.46
261  ,  322.84
274  ,  313.97
340  ,  306.34
422  ,  301.76
398  ,  301.31
410  ,  304.41
307  ,  309.27
361  ,  314.18
434  ,  319.59
407  ,  326.63
364  ,  334.48
304  ,  341.28
304  ,  345.75
284  ,  347.63
375  ,  347.89
442  ,  348.77
448  ,  351.99
434  ,  357.4
473  ,  364.44
486  ,  373.11
514  ,  383.51
355  ,  394.16
372  ,  402.42
339  ,  407.32
338  ,  409.1
243  ,  407.39
291  ,  401.86
332  ,  393.98
308  ,  385.43
235  ,  376.01
365  ,  365.89
325  ,  356.77
315  ,  349.04
271  ,  341.76
239  ,  334.02
263  ,  325.49
211  ,  316.33
295  ,  307.04
197  ,  298.09
164  ,  288.51
167  ,  277.47
107  ,  264.94
209  ,  251.58
228  ,  239.35
166  ,  229
192  ,  219.79
159  ,  211.38
198  ,  203.86
200  ,  197.64
157  ,  192.62
231  ,  188.58
221  ,  186.2
210  ,  185.51
237  ,  186.09
160  ,  187.34
275  ,  188.96
248  ,  191.84
228  ,  195.92
236  ,  200.3
230  ,  204.68
248  ,  209.04
191  ,  213.01
185  ,  215.74
196  ,  216.95
177  ,  216.96
190  ,  215.92
229  ,  214.5
255  ,  213.78
214  ,  214.03
236  ,  214.73
165  ,  215.2
216  ,  214.92
169  ,  213.94
123  ,  211.74
114  ,  207.48
116  ,  201.28
111  ,  193.73
102  ,  185.25
277  ,  177.58
72  ,  171.88
277  ,  167.63
100  ,  164.83
159  ,  162.52
43  ,  159.22
204  ,  155.18
61  ,  151.21
186  ,  147.44
99  ,  144.1
209  ,  141.69
180  ,  140.91
111  ,  141.26
134  ,  141.29
178  ,  141.25
290  ,  142.96
144  ,  146.95
172  ,  151.31
137  ,  154.79
218  ,  157.81
312  ,  162.17
184  ,  168.56
202  ,  175.12
204  ,  180.86
127  ,  185.34
205  ,  188.12
231  ,  190.36
163  ,  192.62
219  ,  194.39
186  ,  195.82
190  ,  196.88
175  ,  197.32
185  ,  197.13
122  ,  195.99
142  ,  193.38
174  ,  189.82
128  ,  185.96
130  ,  181.52
147  ,  176.6
94  ,  171.31
86  ,  165.13
134  ,  158.31
343  ,  153.64
362  ,  154.67
133  ,  160.21
73  ,  164.92
38  ,  165.71
78  ,  162.78
77  ,  157.46
69  ,  150.73
179  ,  143.91
134  ,  138.59
203  ,  135.32
202  ,  134.46
229  ,  136.24
163  ,  139.84
97  ,  143.34
85  ,  144.95
129  ,  144.67
162  ,  143.86
128  ,  143.29
234  ,  143.5
252  ,  145.88
174  ,  150.37
219  ,  155.55
185  ,  160.92
199  ,  166.19
201  ,  171.17
197  ,  175.88
142  ,  179.74
246  ,  182.75
243  ,  186.23
171  ,  190.16
185  ,  193.24
209  ,  195.39
163  ,  196.91
84  ,  196.69
158  ,  194.11
181  ,  190.56
116  ,  186.82
139  ,  182.39
74  ,  176.88
100  ,  170.08
92  ,  162.35
36  ,  153.79
60  ,  144.07
70  ,  133.84
74  ,  123.91
118  ,  115.05
183  ,  108.58
127  ,  105.09
96  ,  103.35
79  ,  101.9
104  ,  100.39
153  ,  99.55
147  ,  100.21
149  ,  102.29
131  ,  105.24
139  ,  108.53
238  ,  112.76
159  ,  118.62
145  ,  124.92
270  ,  131.51
280  ,  140.08
173  ,  150.22
198  ,  159.77
184  ,  167.96
290  ,  175.7
183  ,  183.58
173  ,  190.35
203  ,  195.27
238  ,  199.31
198  ,  203.03
168  ,  205.79
196  ,  207.13
175  ,  207.39
177  ,  206.72
154  ,  205.04
151  ,  202.27
156  ,  198.56
120  ,  194.01
94  ,  188.22
158  ,  181.47
84  ,  174.45
161  ,  167.39
177  ,  161.31
46  ,  155.99
73  ,  149.64
91  ,  142.25
61  ,  134.55
287  ,  128.38
62  ,  125.16
160  ,  123.29
113  ,  121.87
99  ,  120.78
343  ,  121.33
128  ,  125.23
149  ,  130.21
165  ,  134.58
239  ,  139.36
183  ,  145.19
103  ,  150.68
173  ,  154.52
151  ,  157.3
237  ,  160.1
122  ,  163.09
132  ,  165.05
202  ,  165.95
226  ,  167.44
154  ,  169.7
166  ,  171.59
253  ,  173.46
196  ,  176.3
228  ,  179.82
118  ,  182.92
281  ,  185.39
196  ,  188.36
184  ,  191.47
141  ,  193.34
105  ,  193.12
389  ,  192.68
251  ,  195.31
536  ,  202.57
597  ,  217.14
140  ,  236.38
1015  ,  258.79
1023  ,  293.4
91  ,  335.87
706  ,  372.84
238  ,  403.04
868  ,  429.6
507  ,  456.04
803  ,  483.19
266  ,  507.5
411  ,  523.67
1023  ,  536.11
409  ,  551.47
522  ,  564.45
230  ,  569.64
257  ,  565.13
143  ,  550.5
978  ,  533.82
469  ,  524.61
907  ,  523.49
1023  ,  532.51
1023  ,  554.39
488  ,  581.94
323  ,  602.87
153  ,  609.61
259  ,  602.11
92  ,  582.99
265  ,  555.16
275  ,  523.21
744  ,  494.53
128  ,  471.98
380  ,  450.67
429  ,  430.5
284  ,  413.5
150  ,  396.44
414  ,  378.66
292  ,  363.13
181  ,  349.07
103  ,  333.14
519  ,  317.54
144  ,  305.79
736  ,  299.42
48  ,  298.36
227  ,  296.47
1023  ,  297.77
403  ,  310.89
428  ,  329.15
124  ,  343.59
94  ,  349.68
126  ,  346.54
458  ,  339.4
497  ,  335.44
410  ,  336.65
547  ,  341.78
440  ,  350.37
206  ,  358.8
300  ,  362.93
164  ,  362.16
372  ,  357.93
102  ,  351.28
395  ,  342.67
1023  ,  340.53
546  ,  352.1
235  ,  368.57
141  ,  378.53
94  ,  378.69
592  ,  374
365  ,  371.63
430  ,  371.99
833  ,  376.91
345  ,  388.26
176  ,  398.1
225  ,  400.16
360  ,  396.73
393  ,  392.1
268  ,  387.31
426  ,  382.08
206  ,  376.46
127  ,  367.79
155  ,  354.23
135  ,  337.02
418  ,  319.8
337  ,  306.91
168  ,  297.36
711  ,  291.66
148  ,  292.01
663  ,  296.35
104  ,  302.85
455  ,  308.73
49  ,  311.82
624  ,  313.59
60  ,  315.78
547  ,  317.67
314  ,  320.71
379  ,  325.23
164  ,  328.13
640  ,  330.63
205  ,  335.18
447  ,  339.92
134  ,  342.49
403  ,  342.4
394  ,  342.04
707  ,  346.07
219  ,  354.36
279  ,  360.74
188  ,  361.7
257  ,  358.08
311  ,  351.92
416  ,  346.31
369  ,  343.06
146  ,  340
112  ,  332.92
164  ,  321.03
284  ,  307.43
151  ,  294.25
283  ,  281.7
88  ,  269.53
535  ,  259.58
119  ,  253.93
407  ,  250.96
622  ,  253.21
175  ,  261.52
262  ,  269.39
734  ,  278.26
249  ,  292.06
652  ,  308.38
79  ,  324.05
105  ,  332.88
519  ,  335.37
300  ,  338.09
103  ,  339.1
408  ,  336.27
502  ,  334.74
305  ,  336.64
529  ,  340.48
474  ,  347.26
281  ,  355.43
253  ,  360.57
172  ,  360.57
251  ,  355.73
985  ,  353.96
51  ,  359.6
490  ,  365.01
46  ,  366.02
533  ,  363.97
1023  ,  367.92
562  ,  384.53
298  ,  404.56
118  ,  417.05
280  ,  419.62
1023  ,  421.76
151  ,  429.83
195  ,  434.36
336  ,  430.82
294  ,  423.56
695  ,  417.41
1023  ,  421.19
114  ,  433.6
467  ,  442.92
246  ,  446.14
140  ,  443.01
127  ,  431.48
288  ,  414.21
1023  ,  401.62
204  ,  399.65
164  ,  398.11
239  ,  390.25
148  ,  378
95  ,  361.5
406  ,  343.22
254  ,  327.57
328  ,  315.11
283  ,  305.06
367  ,  297.74
95  ,  291.53
396  ,  285.06
73  ,  278.67
455  ,  272.84
108  ,  268.4
294  ,  264.14
68  ,  258.51
162  ,  250.63
215  ,  241.41
324  ,  233.98
466  ,  231.52
1023  ,  240.61
64  ,  260.68
512  ,  281.01
1023  ,  304.51
419  ,  336.71
528  ,  369.7
335  ,  397.53
232  ,  417.42
175  ,  426.93
553  ,  429.51
1023  ,  436.24
974  ,  456.19
713  ,  486.53
351  ,  516.17
105  ,  534.33
152  ,  536.62
687  ,  529.81
122  ,  520.78
71  ,  505.14
1023  ,  487.26
1023  ,  483.28
279  ,  491.76
456  ,  498.78
324  ,  500.23
475  ,  497.91
394  ,  493.51
291  ,  486.75
1023  ,  482.02
220  ,  483.53
592  ,  485.66
245  ,  484.9
616  ,  482.35
320  ,  479.33
297  ,  474.06
539  ,  466.46
50  ,  457.08
548  ,  444.72
52  ,  430.57
527  ,  415.38
209  ,  400.99
511  ,  388.83
544  ,  381.35
955  ,  384.04
988  ,  401.57
229  ,  427.56
357  ,  448.1
298  ,  459.28
763  ,  466.79
383  ,  475.28
388  ,  481.87
899  ,  487.96
144  ,  495.67
541  ,  499.47
301  ,  498.53
267  ,  493.06
114  ,  480.61
226  ,  461.35
964  ,  444.12
1023  ,  442.41
349  ,  453.99
333  ,  464.75
170  ,  467.48
179  ,  461.29
63  ,  446.36
161  ,  424.23
272  ,  398.93
182  ,  373.89
430  ,  351.32
294  ,  333.58
131  ,  318.55
158  ,  302.55
271  ,  286.37
147  ,  271.61
214  ,  257.87
580  ,  248.4
280  ,  246.54
303  ,  248.83
199  ,  251.31
195  ,  252.3
205  ,  251.31
227  ,  249.15
376  ,  247.81
131  ,  247.76
195  ,  246.43
236  ,  243.56
154  ,  240.13
268  ,  236.31
317  ,  233.9
344  ,  234.6
146  ,  236.87
220  ,  237.85
116  ,  236.57
247  ,  233.59
106  ,  229.54
146  ,  223.9
133  ,  216.64
155  ,  208.68
79  ,  200.07
180  ,  191.01
136  ,  182.58
207  ,  175.57
96  ,  169.78
157  ,  164.36
121  ,  159.21
121  ,  154.33
72  ,  149.14
43  ,  142.83
159  ,  135.96
86  ,  129.93
116  ,  124.75
74  ,  119.93
208  ,  116.2
471  ,  117.37
163  ,  125.14
84  ,  134.16
127  ,  140.39
120  ,  144.3
206  ,  147.25
284  ,  151.34
212  ,  157.56
177  ,  164.36
242  ,  170.76
184  ,  176.96
290  ,  183.24
251  ,  190.32
251  ,  198.01
266  ,  205.7
141  ,  212.39
315  ,  217.58
244  ,  222.72
182  ,  227.39
173  ,  229.91
273  ,  230.86
212  ,  231.65
141  ,  231.53
157  ,  229.21
174  ,  225.09
190  ,  220.29
131  ,  215.04
118  ,  208.68
109  ,  200.92
135  ,  192.3
183  ,  184.06
75  ,  176.48
40  ,  167.99
86  ,  158.03
86  ,  147.73
44  ,  137.53
42  ,  127.04
234  ,  117.87
265  ,  113.33
280  ,  114.68
102  ,  119.51
48  ,  123.63
185  ,  125.86
183  ,  128.35
194  ,  132.14
162  ,  136.68
170  ,  141.29
224  ,  146.12
193  ,  151.63
186  ,  157.37
211  ,  162.94
200  ,  168.45
169  ,  173.51
186  ,  177.61
256  ,  181.44
171  ,  185.51
231  ,  189.33
176  ,  192.66
356  ,  196.56
205  ,  202.01
178  ,  207.28
217  ,  210.87
171  ,  213.12
141  ,  213.59
166  ,  212.04
152  ,  209.05
210  ,  205.51
223  ,  202.58
154  ,  200.36
124  ,  197.47
87  ,  192.82
109  ,  186.33
58  ,  178.24
121  ,  169.1
250  ,  161.11
231  ,  156.71
210  ,  155.75
69  ,  155.8
47  ,  153.99
62  ,  149.44
98  ,  143.31
100  ,  136.88
103  ,  130.79
119  ,  125.36
98  ,  120.71
412  ,  119.15
260  ,  123.67
174  ,  132.1
131  ,  140.23
142  ,  146.57
152  ,  151.24
170  ,  154.88
297  ,  159.04
368  ,  166.23
246  ,  176.7
177  ,  187.35
208  ,  195.95
143  ,  202.1
254  ,  206.3
208  ,  209.77
259  ,  213.15
156  ,  215.96
212  ,  217.45
210  ,  217.93
186  ,  217.86
167  ,  216.81
163  ,  214.52
206  ,  211.48
182  ,  208.44
144  ,  205.15
119  ,  200.76
101  ,  194.82
157  ,  187.84
234  ,  181.7
267  ,  178.35
108  ,  177.13
158  ,  175.64
278  ,  174.51
169  ,  175.15
136  ,  176.06
224  ,  176.43
367  ,  178.7
248  ,  184.42
242  ,  191.79
154  ,  198.36
264  ,  203.54
249  ,  208.43
258  ,  213.67
210  ,  218.65
239  ,  222.78
200  ,  225.91
248  ,  228.15
250  ,  230.13
269  ,  232.43
259  ,  235.13
246  ,  237.94
280  ,  240.72
345  ,  244.37
251  ,  249.14
194  ,  253.13
209  ,  254.83
292  ,  255.19
270  ,  255.81
196  ,  256.32
237  ,  255.69
164  ,  253.67
226  ,  250.32
207  ,  246.31
212  ,  242.18
176  ,  237.71
219  ,  232.95
493  ,  230.74
227  ,  233.2
761  ,  241.39
870  ,  261.06
1023  ,  296.21
1023  ,  345.36
1023  ,  404.83
784  ,  468.32
829  ,  529.26
833  ,  585.09
305  ,  631.35
862  ,  664.8
718  ,  690.99
1023  ,  715.47
719  ,  739.16
624  ,  758.25
565  ,  768.72
886  ,  773.14
982  ,  778.35
763  ,  786.36
686  ,  792.87
403  ,  792.67
1023  ,  787.15
1023  ,  785.57
446  ,  787.4
1011  ,  786.97
727  ,  787.03
517  ,  785.71
1023  ,  781.8
174  ,  775.65
1023  ,  765.21
227  ,  752.26
598  ,  734.8
210  ,  710.85
229  ,  679.66
745  ,  645.29
216  ,  613.86
559  ,  584.07
706  ,  558.97
349  ,  540.54
438  ,  523.89
465  ,  507.91
380  ,  493.44
509  ,  480.46
462  ,  470.07
1008  ,  466.7
430  ,  472.59
810  ,  483.48
661  ,  498.1
478  ,  514.26
613  ,  527.98
598  ,  539.98
500  ,  550.33
457  ,  557.01
580  ,  560.21
670  ,  563.03
568  ,  567.08
1023  ,  574.72
600  ,  588.01
796  ,  603.54
600  ,  618.44
521  ,  630.15
742  ,  637.96
417  ,  642.84
517  ,  642.67
1023  ,  641.75
608  ,  645.95
578  ,  651.04
760  ,  654.27
810  ,  659.09
1023  ,  668.99
564  ,  682.59
751  ,  694.35
740  ,  703.54
353  ,  708.67
534  ,  705.64
410  ,  695.29
568  ,  680.43
338  ,  662.28
398  ,  640.25
357  ,  614.8
919  ,  591.92
354  ,  575.98
404  ,  561.62
310  ,  544.37
402  ,  525.14
587  ,  507.24
363  ,  492.87
591  ,  481.38
808  ,  476.11
678  ,  480.05
418  ,  488.42
482  ,  495.15
1010  ,  503.61
424  ,  517.49
888  ,  533.54
548  ,  550.75
741  ,  568.12
444  ,  582.99
327  ,  591.24
681  ,  592.77
450  ,  592.05
410  ,  588.43
625  ,  581.95
432  ,  575.1
306  ,  565.77
302  ,  551.21
435  ,  533.13
378  ,  514.62
708  ,  499.23
775  ,  492.16
577  ,  493.79
640  ,  499.86
372  ,  506.34
586  ,  510.83
572  ,  514.83
480  ,  519.11
457  ,  521.66
292  ,  520.35
572  ,  515.53
496  ,  510.8
522  ,  507.54
560  ,  505.63
686  ,  506.66
443  ,  510.28
588  ,  514.01
746  ,  519.36
395  ,  526.68
458  ,  531.32
632  ,  533.36
401  ,  534.83
595  ,  535.05
523  ,  535.01
887  ,  538.13
1023  ,  550.07
423  ,  568.56
698  ,  585.02
364  ,  596.28
308  ,  599.56
347  ,  593.36
504  ,  581.55
323  ,  567.28
474  ,  551.17
609  ,  536.26
325  ,  523.87
342  ,  510.41
521  ,  496
691  ,  485.77
413  ,  481
439  ,  477.63
770  ,  476.29
565  ,  480.45
409  ,  486.77
290  ,  489.36
355  ,  486.33
449  ,  480
226  ,  471.59
638  ,  462.36
1023  ,  460.81
232  ,  468.39
210  ,  472.74
316  ,  468.55
271  ,  459.18
928  ,  451.64
432  ,  452.03
187  ,  453.71
389  ,  449.96
397  ,  443.54
550  ,  438.31
496  ,  436.29
799  ,  439.59
323  ,  447.46
719  ,  456.49
1023  ,  471.18
798  ,  496.04
1023  ,  528.42
847  ,  565.91
818  ,  604.81
523  ,  639.22
379  ,  662.87
620  ,  674.8
1020  ,  683.41
663  ,  694.75
873  ,  706.97
451  ,  716.53
878  ,  722.09
557  ,  725.31
468  ,  724.18
585  ,  716.68
604  ,  705.88
1023  ,  697.59
662  ,  695.52
681  ,  695.93
346  ,  692.89
315  ,  681.76
1023  ,  667.35
429  ,  657.37
514  ,  647.86
231  ,  633.28
235  ,  611.4
418  ,  583.93
255  ,  554.79
345  ,  524.92
402  ,  496.05
274  ,  469.49
318  ,  444.31
341  ,  420.83
546  ,  401.83
654  ,  391.26
458  ,  389.27
497  ,  391.9
384  ,  396.09
304  ,  399.15
351  ,  399.43
158  ,  396.12
613  ,  391.11
467  ,  389.63
210  ,  390.11
260  ,  387.13
318  ,  380.79
663  ,  376.26
620  ,  378.97
676  ,  389.68
611  ,  406.16
495  ,  424.95
543  ,  442.88
527  ,  459.27
478  ,  473.69
683  ,  486.88
719  ,  501.93
611  ,  519.29
598  ,  536.27
577  ,  551.15
540  ,  563.19
532  ,  571.85
324  ,  575.51
420  ,  572.6
320  ,  563.84
339  ,  550.21
345  ,  532.85
293  ,  513.04
293  ,  491.23
350  ,  468.63
316  ,  446.82
304  ,  426.12
282  ,  406.3
263  ,  387.18
226  ,  368.43
194  ,  349.55
246  ,  330.81
379  ,  314.43
194  ,  301.47
147  ,  289.22
432  ,  277.96
386  ,  271.7
472  ,  271.73
556  ,  278.24
367  ,  290.01
308  ,  302.53
334  ,  312.93
605  ,  323.54
327  ,  336.31
354  ,  348.21
627  ,  359.47
639  ,  374.62
553  ,  393.98
563  ,  414.67
609  ,  435.55
484  ,  455.7
564  ,  473.63
689  ,  490.6
686  ,  508.95
595  ,  527.96
639  ,  545.73
624  ,  561.81
450  ,  574.79
380  ,  581.47
372  ,  580.53
394  ,  573.28
282  ,  560.84
336  ,  543.62
199  ,  522.21
200  ,  496.52
163  ,  466.99
210  ,  435.3
131  ,  402.78
141  ,  369.89
159  ,  337.47
127  ,  306.56
113  ,  277.32
138  ,  250.02
120  ,  225.23
36  ,  202.39
44  ,  180.33
74  ,  159.27
33  ,  139.88
73  ,  122.3
73  ,  106.97
63  ,  94.11
87  ,  83.58
61  ,  75.25
108  ,  69.05
108  ,  65.2
102  ,  63.61
122  ,  63.86
152  ,  66.02
148  ,  70.19
319  ,  77.32
138  ,  87.73
146  ,  98.84
170  ,  108.96
202  ,  118.72
188  ,  128.49
169  ,  137.83
215  ,  146.48
218  ,  154.95
157  ,  162.94
236  ,  169.97
211  ,  176.62
266  ,  183.46
178  ,  190.19
242  ,  196.16
190  ,  201.26
212  ,  205.37
118  ,  207.78
177  ,  207.95
187  ,  206.66
197  ,  205.05
150  ,  203.09
184  ,  200.53
82  ,  196.94
137  ,  191.74
99  ,  185.25
71  ,  177.57
34  ,  168.2
55  ,  157.17
39  ,  145.14
36  ,  132.63
67  ,  120.24
56  ,  108.73
68  ,  98.43
90  ,  89.68
107  ,  82.99
98  ,  78.45
153  ,  76.15
94  ,  75.98
164  ,  77.49
120  ,  80.53
156  ,  84.78
154  ,  90.02
213  ,  96.59
158  ,  104.46
174  ,  112.77
199  ,  121.17
184  ,  129.77
131  ,  137.77
333  ,  145.72
207  ,  155.21
209  ,  165.15
164  ,  173.77
210  ,  180.76
217  ,  186.72
182  ,  191.9
168  ,  195.7
170  ,  197.82
150  ,  198.36
183  ,  197.63
148  ,  196.04
91  ,  193.09
64  ,  187.77
127  ,  180.43
112  ,  172.47
121  ,  164.63
71  ,  156.76
84  ,  148.5
34  ,  139.59
48  ,  129.9
66  ,  119.88
61  ,  110.31
52  ,  101.39
33  ,  92.91
41  ,  84.72
41  ,  76.99
98  ,  70.4
93  ,  65.77
88  ,  63.13
119  ,  62.22
136  ,  63.27
186  ,  66.71
160  ,  72.59
140  ,  79.96
178  ,  87.99
160  ,  96.59
230  ,  105.92
198  ,  116.23
193  ,  126.96
189  ,  137.29
220  ,  147.13
193  ,  156.53
202  ,  165.16
250  ,  173.25
239  ,  181.43
244  ,  189.67
186  ,  197.2
192  ,  203.09
189  ,  207.14
104  ,  208.98
164  ,  208.13
136  ,  205.34
164  ,  201.42
114  ,  196.58
183  ,  191.18
72  ,  185.34
150  ,  178.73
89  ,  171.64
79  ,  163.97
50  ,  155.21
56  ,  145.4
42  ,  134.86
53  ,  124.01
35  ,  113.21
44  ,  102.65
35  ,  92.56
69  ,  83.35
120  ,  76
87  ,  71.16
115  ,  68.47
72  ,  67.36
142  ,  67.59
85  ,  69.15
222  ,  72.42
130  ,  77.92
267  ,  85.65
96  ,  94.95
179  ,  104.12
186  ,  112.93
185  ,  121.95
166  ,  130.72
203  ,  139.01
188  ,  146.98
180  ,  154.45
165  ,  160.91
197  ,  166.34
189  ,  171.15
186  ,  175.44
168  ,  178.93
196  ,  181.6
162  ,  183.61
189  ,  184.92
199  ,  185.92
177  ,  186.84
146  ,  187.16
182  ,  186.6
106  ,  185.12
100  ,  181.98
82  ,  176.83
109  ,  170.19
76  ,  162.65
52  ,  154.15
35  ,  144.42
69  ,  133.87
39  ,  123.2
44  ,  112.63
52  ,  102.36
52  ,  92.84
115  ,  84.77
125  ,  79.18
84  ,  75.99
125  ,  74.48
163  ,  74.96
127  ,  77.58
146  ,  81.62
125  ,  86.47
219  ,  92.35
144  ,  99.58
149  ,  107.18
119  ,  114.05
203  ,  120.37
181  ,  127
194  ,  134.1
210  ,  141.48
206  ,  149.17
184  ,  156.72
186  ,  163.55
174  ,  169.38
154  ,  173.9
112  ,  176.52
153  ,  177.09
202  ,  176.81
195  ,  176.96
186  ,  177.65
149  ,  178.22
117  ,  177.74
134  ,  175.8
102  ,  172.57
131  ,  168.3
116  ,  163.48
119  ,  158.41
58  ,  152.74
114  ,  146.29
46  ,  139.32
42  ,  131.49
64  ,  122.83
41  ,  113.95
63  ,  105.17
60  ,  96.91
98  ,  89.75
70  ,  84.03
126  ,  79.9
127  ,  77.82
182  ,  78.26
87  ,  80.75
156  ,  84.19
127  ,  88.35
229  ,  93.86
168  ,  101.12
190  ,  109.5
210  ,  118.48
195  ,  128.02
219  ,  137.79
193  ,  147.47
155  ,  156.23
255  ,  163.98
187  ,  171.49
219  ,  178.52
234  ,  185.06
345  ,  192.41
158  ,  200.55
82  ,  206.26
140  ,  207.65
152  ,  206.15
146  ,  203.09
197  ,  199.36
140  ,  195.56
163  ,  191.52
132  ,  187.07
173  ,  182.47
64  ,  177.44
84  ,  170.97
109  ,  163.24
127  ,  155.53
88  ,  148.27
425  ,  143.83
161  ,  144.72
1023  ,  155.11
490  ,  179.98
995  ,  217.4
1023  ,  267.31
546  ,  325.91
179  ,  378.61
419  ,  417.22
454  ,  445.01
569  ,  467.12
612  ,  486.69
206  ,  502.02
1023  ,  514.02
1023  ,  533.06
1023  ,  563.53
74  ,  593.98
85  ,  608.07
938  ,  608.68
383  ,  608.4
832  ,  609.03
117  ,  607.27
541  ,  599.28
92  ,  584.2
671  ,  565.04
1023  ,  552.06
50  ,  546.72
1023  ,  542.32
329  ,  541.05
902  ,  543.49
1023  ,  553.33
416  ,  570.2
158  ,  580.88
415  ,  579.48
342  ,  570.39
93  ,  554.61
175  ,  530.24
293  ,  500.42
335  ,  470.34
460  ,  443.71
121  ,  420.17
640  ,  399.49
712  ,  387.92
337  ,  386.01
124  ,  384.28
180  ,  376.7
394  ,  365.8
293  ,  355.85
34  ,  344.94
1023  ,  336.66
662  ,  341.67
192  ,  355.11
203  ,  363.94
84  ,  364.4
291  ,  358.29
277  ,  349.66
294  ,  340.97
381  ,  333.39
618  ,  330.38
356  ,  333.37
635  ,  340.78
184  ,  350.09
418  ,  357.36
36  ,  359.87
279  ,  356.33
99  ,  347.7
387  ,  336.83
855  ,  331.65
1023  ,  342.23
191  ,  364.3
205  ,  382.35
235  ,  390.45
570  ,  394.05
1023  ,  403.47
321  ,  421.4
822  ,  441.56
1023  ,  466.89
140  ,  495.46
414  ,  515.08
278  ,  523.43
174  ,  522.08
624  ,  514.23
94  ,  503.86
155  ,  487.46
456  ,  466.11
299  ,  445.79
983  ,  432.38
208  ,  428.22
514  ,  426.69
305  ,  424.17
571  ,  422.24
527  ,  423.08
1023  ,  431.52
526  ,  449.1
271  ,  466.95
692  ,  479.67
200  ,  488.85
1010  ,  497.03
151  ,  506.38
659  ,  513.05
459  ,  517.13
723  ,  522.13
400  ,  527.7
774  ,  533.46
836  ,  543.13
1023  ,  561.03
300  ,  582.27
540  ,  597.07
194  ,  601.72
52  ,  593.67
1023  ,  578.97
930  ,  573.56
255  ,  576.32
99  ,  572.19
302  ,  556.58
814  ,  538.94
380  ,  526.75
216  ,  514.89
128  ,  496.75
59  ,  471.1
200  ,  439.87
268  ,  407.69
611  ,  380.87
40  ,  360.5
53  ,  339.31
73  ,  313.92
431  ,  289.5
484  ,  273.05
1023  ,  271.29
406  ,  284.95
526  ,  305.28
384  ,  325.82
266  ,  343.55
79  ,  353.97
494  ,  357.87
232  ,  359.76
684  ,  362.86
316  ,  369.01
265  ,  374.55
118  ,  374.43
134  ,  367.33
692  ,  358.74
45  ,  353.24
41  ,  344.25
667  ,  332.68
407  ,  327.53
485  ,  328.94
378  ,  333.61
359  ,  339.32
442  ,  345.13
591  ,  353.26
331  ,  363.84
960  ,  378.07
207  ,  396.62
1023  ,  417.32
456  ,  441.54
1023  ,  469.68
145  ,  497.35
1023  ,  521.24
474  ,  544.17
887  ,  567.17
180  ,  585.98
396  ,  594.64
36  ,  590.06
483  ,  575.12
239  ,  555.15
484  ,  533.64
1023  ,  518.02
176  ,  511.35
190  ,  502.38
75  ,  484.34
1023  ,  465.93
542  ,  458.37
891  ,  462.17
651  ,  474.22
462  ,  489.55
97  ,  498.9
252  ,  497.18
610  ,  489.52
516  ,  483.92
834  ,  484.04
92  ,  486.89
197  ,  483.12
515  ,  472.66
39  ,  459.62
374  ,  442.6
672  ,  427.11
360  ,  418.31
192  ,  410.88
1023  ,  406.22
1023  ,  415.97
377  ,  437.89
304  ,  457.25
204  ,  466.79
108  ,  465.54
428  ,  456.37
493  ,  446.39
351  ,  438.62
279  ,  430.42
106  ,  418.42
48  ,  400.09
189  ,  376.29
267  ,  351.57
95  ,  327.94
505  ,  307.1
116  ,  291.17
41  ,  275.89
44  ,  257.26
118  ,  236.69
93  ,  216.36
115  ,  197.24
106  ,  179.75
178  ,  164.68
100  ,  152.43
111  ,  142.11
41  ,  132.58
250  ,  124.62
114  ,  119.82
261  ,  118.28
134  ,  119.53
166  ,  122.24
230  ,  125.99
243  ,  131.81
243  ,  139.76
299  ,  149.62
194  ,  160.69
208  ,  171.16
307  ,  181.03
244  ,  191.34
122  ,  200.42
386  ,  207.92
242  ,  216.11
159  ,  223.68
218  ,  228.49
174  ,  230.98
148  ,  231.17
124  ,  228.63
164  ,  223.82
145  ,  217.72
91  ,  210.42
123  ,  201.69
102  ,  192.04
118  ,  182.07
156  ,  172.57
55  ,  163.67
70  ,  154.3
69  ,  144.29
32  ,  133.92
42  ,  123.1
104  ,  112.63
109  ,  103.92
95  ,  97.29
45  ,  91.87
115  ,  87.19
115  ,  83.97
142  ,  82.74
153  ,  83.6
135  ,  86.27
163  ,  90.27
147  ,  95.32
201  ,  101.42
162  ,  108.54
147  ,  115.9
216  ,  123.2
168  ,  130.83
167  ,  138.24
170  ,  144.85
174  ,  150.71
242  ,  156.45
116  ,  162.03
147  ,  166.06
197  ,  168.66
203  ,  171.21
231  ,  174.37
204  ,  178.17
142  ,  181.62
278  ,  184.57
151  ,  187.72
149  ,  189.93
82  ,  189.75
142  ,  187.15
104  ,  182.91
97  ,  177.36
96  ,  170.57
72  ,  162.79
67  ,  154.06
98  ,  144.87
69  ,  135.86
43  ,  126.85
36  ,  117.41
91  ,  108.07
83  ,  99.9
74  ,  93.11
75  ,  87.4
84  ,  82.71
70  ,  78.99
131  ,  76.48
140  ,  75.91
107  ,  77.22
131  ,  79.65
122  ,  82.91
185  ,  87.25
200  ,  93.34
178  ,  101.14
219  ,  110.09
180  ,  119.81
237  ,  129.95
250  ,  140.8
290  ,  152.83
204  ,  165.44
176  ,  176.77
213  ,  185.91
204  ,  193.37
211  ,  199.54
183  ,  204.32
152  ,  207.24
241  ,  208.65
158  ,  209.38
179  ,  209.11
105  ,  207.15
194  ,  203.66
132  ,  199.46
127  ,  194.53
107  ,  188.46
144  ,  181.65
60  ,  174.24
86  ,  165.78
39  ,  156.14
98  ,  145.85
42  ,  135.52
45  ,  125.09
47  ,  114.54
62  ,  104.41
75  ,  95.3
176  ,  88.42
68  ,  84.33
86  ,  81.71
127  ,  80.03
125  ,  79.94
128  ,  81.37
141  ,  84.07
204  ,  88.38
152  ,  94.49
180  ,  101.65
168  ,  109.34
189  ,  117.37
202  ,  125.76
191  ,  134.43
197  ,  143.02
235  ,  151.57
214  ,  160.32
168  ,  168.53
183  ,  175.26
298  ,  181.45
212  ,  188.33
203  ,  194.97
209  ,  200.41
196  ,  204.68
166  ,  207.52
147  ,  208.42
161  ,  207.36
175  ,  205.05
117  ,  201.72
211  ,  197.68
118  ,  193.5
154  ,  188.92
43  ,  183.1
52  ,  175.09
74  ,  165.09
54  ,  154.17
50  ,  142.72
48  ,  131
36  ,  119.3
88  ,  108.2
83  ,  98.62
83  ,  90.85
137  ,  85.12
128  ,  81.93
165  ,  81.37
173  ,  83.43
186  ,  87.98
124  ,  94.02
170  ,  100.48
95  ,  106.67
167  ,  112.21
181  ,  117.73
232  ,  124.3
182  ,  131.98
211  ,  140.1
186  ,  148.15
252  ,  156.25
199  ,  164.57
188  ,  172.37
201  ,  179.02
246  ,  185.05
176  ,  190.7
226  ,  195.5
193  ,  199.47
244  ,  202.97
127  ,  205.6
170  ,  206.35
148  ,  205.21
137  ,  202.57
39  ,  197.72
114  ,  190.27
270  ,  182.78
136  ,  177.54
69  ,  172.75
46  ,  166.08
42  ,  157.25
92  ,  147.2
90  ,  137.34
65  ,  128.1
392  ,  121.86
245  ,  122.03
875  ,  132.5
440  ,  156
991  ,  191.18
1023  ,  239.77
1023  ,  301.98
1023  ,  372.86
930  ,  447.27
200  ,  514.47
127  ,  560.78
189  ,  583.05
527  ,  589.34
141  ,  586.2
252  ,  573.35
1023  ,  558.46
686  ,  553.22
58  ,  551.21
1023  ,  546.6
339  ,  545.18
64  ,  540.71
1023  ,  531.85
978  ,  532.92
369  ,  543.62
44  ,  548.41
410  ,  541.3
498  ,  529.36
1005  ,  522.67
719  ,  526.8
1023  ,  540.99
789  ,  563.09
1023  ,  591.08
781  ,  622.59
236  ,  649.29
136  ,  659.84
1023  ,  658.87
316  ,  657.02
1023  ,  656.01
1023  ,  661.43
406  ,  672.3
46  ,  674.03
45  ,  657.85
992  ,  633.28
1023  ,  618.78
562  ,  616.87
1023  ,  621.13
157  ,  626.66
776  ,  627.67
186  ,  623.44
463  ,  613.04
1023  ,  602.54
1023  ,  603.65
1023  ,  618.17
948  ,  641.78
205  ,  664.3
490  ,  674.9
175  ,  672.05
143  ,  655.99
141  ,  627.32
1023  ,  596.85
1023  ,  580.33
1023  ,  582.13
188  ,  591.07
58  ,  590.53
184  ,  574.89
380  ,  550.84
208  ,  523.98
1023  ,  501.28
1023  ,  494.33
696  ,  503.56
1023  ,  522.16
230  ,  543.51
306  ,  556.63
396  ,  558.59
134  ,  551.93
1023  ,  542.64
1023  ,  543.94
1023  ,  560.6
1023  ,  588.35
472  ,  619.13
383  ,  641.55
552  ,  652.32
69  ,  651.93
1023  ,  644.37
181  ,  636.32
77  ,  621.39
108  ,  593.41
361  ,  558.12
200  ,  521.45
144  ,  483.93
70  ,  444.16
76  ,  402.34
1023  ,  367.52
53  ,  346.75
480  ,  332.75
486  ,  323.44
489  ,  321.61
353  ,  324.52
299  ,  328.33
718  ,  334.13
920  ,  349.23
1023  ,  378.49
451  ,  416.24
290  ,  449.47
120  ,  469.52
91  ,  474.62
437  ,  469.08
627  ,  462.55
258  ,  458.38
246  ,  451.6
159  ,  439.15
65  ,  420.5
445  ,  398.61
183  ,  378.22
837  ,  363.79
252  ,  358.1
44  ,  353.39
375  ,  344.12
314  ,  334.87
35  ,  325.38
124  ,  311.7
223  ,  295.24
756  ,  283.89
285  ,  282.44
382  ,  286.03
180  ,  289.45
116  ,  289.62
650  ,  288.97
261  ,  292.72
181  ,  297.05
672  ,  301.22
204  ,  308.65
134  ,  314.13
497  ,  315.95
97  ,  317.03
50  ,  313.56
329  ,  305
1023  ,  302.62
58  ,  310.79
160  ,  317.48
294  ,  317.7
486  ,  317.56
1023  ,  325.72
573  ,  346.65
228  ,  370.81
320  ,  388.13
1023  ,  404.08
324  ,  424.96
94  ,  441.37
395  ,  446.9
768  ,  450.01
325  ,  456.08
174  ,  458.81
784  ,  457.79
540  ,  460.68
1007  ,  471.23
247  ,  486.74
318  ,  497.51
198  ,  498.27
519  ,  492.64
272  ,  484.61
1023  ,  479.7
278  ,  481.46
271  ,  482.17
284  ,  475.96
528  ,  466.87
97  ,  456.45
463  ,  443.32
354  ,  430.08
36  ,  415.83
1023  ,  403.23
568  ,  402.07
569  ,  410.25
488  ,  421.03
202  ,  429.75
533  ,  434.01
1023  ,  441.77
878  ,  461.42
825  ,  490.71
160  ,  518.91
198  ,  534.47
411  ,  536.77
1023  ,  537.69
181  ,  542.35
288  ,  541.87
260  ,  532.16
977  ,  521.96
191  ,  516.77
154  ,  508.31
817  ,  496.04
638  ,  490.29
1023  ,  495.27
54  ,  505.21
435  ,  509.07
445  ,  506.59
342  ,  501.78
93  ,  491.74
131  ,  473.48
945  ,  454.74
899  ,  449.44
513  ,  457.22
273  ,  466.15
203  ,  468.05
76  ,  460.35
165  ,  443.76
47  ,  420.39
71  ,  391.59
84  ,  359.15
72  ,  325.27
170  ,  292.12
121  ,  261.71
34  ,  233.65
134  ,  207.3
199  ,  184.57
96  ,  166.35
172  ,  151.64
92  ,  139.83
66  ,  129.72
116  ,  120.56
124  ,  113.09
116  ,  107.63
235  ,  104.77
272  ,  106.15
145  ,  111.26
272  ,  118.32
331  ,  128.14
171  ,  140.44
224  ,  152.53
303  ,  164.27
206  ,  176.31
240  ,  187.5
224  ,  197.34
205  ,  205.67
453  ,  214.16
255  ,  224.78
42  ,  233.73
271  ,  237.91
153  ,  239.35
137  ,  238.48
94  ,  234.28
75  ,  226.72
153  ,  216.82
101  ,  206.15
94  ,  194.97
127  ,  183.49
61  ,  172.1
90  ,  160.59
158  ,  149.84
49  ,  140.48
50  ,  131.26
65  ,  121.71
132  ,  113.02
111  ,  106.3
62  ,  101.1
93  ,  96.52
114  ,  92.83
168  ,  90.98
151  ,  91.49
204  ,  94.38
157  ,  99.34
143  ,  105.27
170  ,  111.33
282  ,  118.55
156  ,  127.43
189  ,  136.42
217  ,  144.94
176  ,  153.21
172  ,  160.55
206  ,  166.82
173  ,  172.33
166  ,  176.76
222  ,  180.29
198  ,  183.69
220  ,  187.12
104  ,  189.68
155  ,  190.2
144  ,  188.95
128  ,  186.49
89  ,  182.53
124  ,  177.07
155  ,  171.16
70  ,  165.18
93  ,  158.42
78  ,  150.82
122  ,  143.15
69  ,  135.82
64  ,  128.46
69  ,  120.84
52  ,  113.18
40  ,  105.39
59  ,  97.58
196  ,  91.33
52  ,  87.69
95  ,  85.27
76  ,  83.24
148  ,  82.21
123  ,  82.77
108  ,  84.59
57  ,  86.44
59  ,  87.32
161  ,  87.89
159  ,  89.85
165  ,  93.66
228  ,  99.34
169  ,  106.86
177  ,  115.16
191  ,  123.55
189  ,  131.99
165  ,  140.1
206  ,  147.61
197  ,  154.84
206  ,  161.86
164  ,  168.22
187  ,  173.46
184  ,  177.68
173  ,  181.04
125  ,  183.04
40  ,  182.37
152  ,  178.83
135  ,  174.22
73  ,  169.06
120  ,  162.89
114  ,  156.37
43  ,  149.49
69  ,  141.58
62  ,  132.93
68  ,  124.13
113  ,  115.92
34  ,  108.56
42  ,  101.24
42  ,  93.67
50  ,  86.29
70  ,  79.58
91  ,  74.17
78  ,  70.32
109  ,  68
97  ,  67.21
86  ,  67.58
177  ,  69.3
127  ,  72.96
143  ,  78.06
113  ,  83.68
166  ,  89.59
161  ,  96.1
146  ,  103.09
128  ,  109.79
166  ,  115.95
184  ,  122.1
127  ,  128.19
160  ,  133.52
210  ,  138.58
216  ,  144.4
220  ,  151.14
170  ,  158.08
234  ,  164.68
184  ,  171.03
176  ,  176.64
162  ,  180.84
113  ,  183.15
132  ,  183.18
117  ,  181.25
98  ,  177.67
141  ,  172.86
122  ,  167.65
47  ,  161.74
157  ,  155.02
49  ,  148.18
46  ,  140.61
54  ,  131.86
52  ,  122.57
76  ,  113.41
58  ,  104.87
42  ,  96.86
32  ,  89.02
67  ,  81.56
114  ,  75.51
179  ,  72.29
106  ,  72.18
80  ,  73.58
142  ,  75.56
110  ,  78.47
134  ,  82.16
185  ,  86.88
226  ,  93.59
169  ,  102.2
219  ,  111.8
186  ,  121.93
183  ,  131.97
188  ,  141.35
185  ,  149.94
166  ,  157.49
245  ,  164.32
156  ,  170.78
186  ,  176.19
169  ,  180.25
224  ,  183.56
186  ,  186.64
176  ,  189.19
160  ,  190.66
224  ,  191.43
176  ,  192.17
131  ,  192.23
141  ,  190.73
172  ,  188.14
131  ,  185.06
130  ,  181.28
140  ,  176.82
70  ,  171.58
96  ,  165.06
67  ,  157.4
36  ,  148.62
50  ,  138.61
91  ,  128.33
72  ,  118.8
72  ,  110.17
81  ,  102.43
92  ,  95.85
59  ,  90.36
74  ,  85.54
142  ,  81.93
165  ,  80.77
878  ,  88.25
1023  ,  114.95
172  ,  156.76
135  ,  195.72
413  ,  225.99
752  ,  255.63
467  ,  289.27
487  ,  323.14
221  ,  351.95
64  ,  370.52
902  ,  382.78
1023  ,  403.17
124  ,  430.54
282  ,  449.98
733  ,  461.74
1023  ,  478.21
648  ,  503.07
748  ,  530.6
247  ,  553.75
110  ,  564.38
1023  ,  566.19
1023  ,  574.98
1023  ,  596.28
1023  ,  626.35
1023  ,  662.15
34  ,  693.11
133  ,  704.11
815  ,  698.58
676  ,  691.48
1023  ,  689.51
744  ,  693.79
263  ,  697.04
420  ,  690.62
955  ,  680.01
374  ,  671.79
1023  ,  665.85
618  ,  664.36
534  ,  664.34
52  ,  656.87
229  ,  636.87
1023  ,  613.36
127  ,  595.03
812  ,  578.7
1023  ,  569.99
568  ,  572.64
128  ,  574.63
234  ,  566.07
76  ,  546.6
313  ,  519.68
330  ,  490.67
305  ,  463.01
834  ,  441.32
620  ,  431.5
151  ,  428.07
460  ,  422.76
482  ,  417.6
409  ,  414.99
967  ,  417.94
96  ,  426.4
400  ,  431.66
120  ,  429.89
247  ,  421.76
629  ,  411.95
320  ,  405.91
104  ,  399.27
184  ,  387.04
378  ,  372.03
132  ,  357.22
311  ,  342.06
658  ,  330.87
405  ,  328.1
217  ,  329.03
604  ,  330.77
106  ,  333.78
1023  ,  340.16
75  ,  352.06
138  ,  360.33
357  ,  360.67
320  ,  358.74
303  ,  356.17
970  ,  358.04
510  ,  370.23
587  ,  388.44
77  ,  404
93  ,  409.5
470  ,  406.35
240  ,  401.09
154  ,  393.01
455  ,  382.24
66  ,  370.8
111  ,  355.7
168  ,  336.32
242  ,  316.22
395  ,  299.15
120  ,  285.77
1023  ,  279.76
634  ,  288.91
258  ,  307.24
249  ,  322.58
168  ,  331.28
55  ,  332.32
292  ,  326.89
194  ,  318.9
116  ,  308.9
350  ,  297.56
158  ,  287.16
292  ,  277.69
232  ,  269.36
130  ,  261.46
128  ,  251.98
161  ,  241.02
55  ,  228.92
663  ,  219.86
380  ,  220.12
796  ,  231.22
320  ,  250.79
81  ,  269.89
90  ,  280.31
438  ,  284.83
198  ,  288.47
266  ,  290.81
286  ,  291.39
71  ,  289.76
56  ,  283.02
159  ,  271.46
201  ,  258.49
699  ,  250.44
1023  ,  257.48
247  ,  278.83
409  ,  301.69
251  ,  319.99
290  ,  333.28
50  ,  339.73
168  ,  338.16
380  ,  332.17
466  ,  328.13
734  ,  331.02
1023  ,  346.49
626  ,  374.69
61  ,  402.98
114  ,  418.46
34  ,  419.21
126  ,  408.68
82  ,  390.37
215  ,  367.81
42  ,  343.17
404  ,  318.93
234  ,  298.91
190  ,  282.57
71  ,  266.5
361  ,  251.23
73  ,  238.48
378  ,  228.2
843  ,  226.54
349  ,  237.56
153  ,  252.01
281  ,  262.43
156  ,  268.92
122  ,  270.93
446  ,  270.53
684  ,  275.25
113  ,  285.56
42  ,  291.87
108  ,  289.67
64  ,  281.19
151  ,  268.69
40  ,  253.75
174  ,  237.4
254  ,  222.44
203  ,  211.01
463  ,  204.58
150  ,  203.41
164  ,  203.45
144  ,  201.92
199  ,  199.48
239  ,  197.48
79  ,  195.69
61  ,  191.68
155  ,  185.29
332  ,  180.12
168  ,  178.34
200  ,  178.24
190  ,  178.53
210  ,  179.37
135  ,  180.23
190  ,  180.47
135  ,  180.07
171  ,  179.04
103  ,  177.15
137  ,  174.13
88  ,  169.94
76  ,  164.39
71  ,  157.34
46  ,  149
90  ,  139.87
42  ,  130.55
41  ,  120.94
56  ,  111.16
80  ,  101.98
53  ,  93.87
92  ,  86.89
86  ,  81.38
125  ,  77.69
96  ,  75.87
145  ,  75.77
82  ,  77.03
107  ,  78.87
142  ,  81.26
252  ,  85.67
116  ,  92.43
83  ,  99.18
145  ,  104.57
218  ,  110.08
135  ,  116.52
219  ,  123.38
133  ,  130.33
244  ,  137.31
236  ,  145.14
165  ,  153.54
234  ,  161.44
199  ,  168.98
214  ,  176.11
233  ,  182.8
57  ,  187.94
192  ,  190.13
215  ,  190.95
157  ,  191.7
188  ,  191.86
248  ,  192.09
161  ,  192.89
209  ,  193.56
122  ,  193.47
119  ,  191.76
89  ,  187.86
178  ,  182.64
38  ,  176.66
71  ,  168.99
36  ,  159.41
94  ,  148.86
79  ,  138.45
89  ,  128.79
40  ,  119.65
34  ,  110.45
109  ,  101.62
181  ,  95.1
67  ,  91.42
161  ,  89.5
210  ,  90.01
101  ,  93
139  ,  96.74
113  ,  100.44
232  ,  104.85
144  ,  110.67
282  ,  118.03
242  ,  127.52
239  ,  138.77
205  ,  150.35
149  ,  160.76
222  ,  169.37
206  ,  176.91
190  ,  183.6
164  ,  188.82
164  ,  192.21
151  ,  193.76
173  ,  193.84
225  ,  193.47
192  ,  193.52
229  ,  194.08
178  ,  194.93
137  ,  195.1
144  ,  193.74
123  ,  190.86
102  ,  186.46
101  ,  180.52
70  ,  173.16
135  ,  164.99
58  ,  156.64
39  ,  147.53
39  ,  137.22
75  ,  126.47
64  ,  116.23
38  ,  106.61
81  ,  97.61
75  ,  89.81
180  ,  84.29
66  ,  81.41
115  ,  80.05
84  ,  79.49
106  ,  79.65
106  ,  80.44
140  ,  82.16
166  ,  85.28
134  ,  89.8
148  ,  95.06
152  ,  100.7
143  ,  106.56
174  ,  112.54
115  ,  118.35
189  ,  123.76
98  ,  128.65
181  ,  132.8
135  ,  136.48
178  ,  139.96
139  ,  143.18
239  ,  146.62
159  ,  150.79
145  ,  154.76
215  ,  158.16
164  ,  161.61
181  ,  164.87
202  ,  167.91
173  ,  170.92
139  ,  173.25
172  ,  174.44
202  ,  175.25
124  ,  175.86
138  ,  175.39
105  ,  173.42
113  ,  170.02
33  ,  164.86
56  ,  157.49
120  ,  148.9
150  ,  141.14
80  ,  134.71
49  ,  128.35
66  ,  121.32
55  ,  113.93
85  ,  106.72
143  ,  100.75
80  ,  96.59
56  ,  93.2
140  ,  90.29
38  ,  88.17
104  ,  86.29
164  ,  85.39
92  ,  86.18
97  ,  87.59
152  ,  89.39
171  ,  92.5
178  ,  97.32
182  ,  103.59
164  ,  110.74
190  ,  118.27
141  ,  125.73
218  ,  132.94
174  ,  140.22
198  ,  147.41
244  ,  154.71
138  ,  161.94
177  ,  167.85
185  ,  172.39
234  ,  176.6
174  ,  180.78
102  ,  183.64
152  ,  184.16
159  ,  183.16
117  ,  181.22
105  ,  177.9
123  ,  173.23
72  ,  167.48
66  ,  160.36
54  ,  151.83
33  ,  142.08
62  ,  131.49
43  ,  120.79
39  ,  110.23
46  ,  99.95
77  ,  90.57
74  ,  82.71
72  ,  76.44
112  ,  71.86
104  ,  69.29
150  ,  68.89
156  ,  70.9
127  ,  74.92
188  ,  80.4
172  ,  87.44
127  ,  95.33
163  ,  103.02
143  ,  110.37
192  ,  117.6
206  ,  125.25
158  ,  133.19
64  ,  139.67
269  ,  144.58
192  ,  150.07
396  ,  157.89
213  ,  168.44
1023  ,  186
1023  ,  220.05
1023  ,  272.09
1023  ,  336.09
76  ,  399.5
1023  ,  452.69
1023  ,  504.06
411  ,  555.07
1023  ,  599.19
568  ,  637.91
1023  ,  672.53
1023  ,  706.61
556  ,  739.06
619  ,  762.15
226  ,  771.38
750  ,  768.14
1023  ,  763.03
113  ,  757.98
728  ,  745.55
108  ,  725.48
962  ,  702.1
251  ,  680.01
1023  ,  661.29
1023  ,  652.49
1023  ,  657.83
568  ,  670.08
210  ,  676.86
724  ,  673.94
344  ,  666.08
932  ,  657.48
607  ,  652.44
319  ,  647.41
1023  ,  640.97
296  ,  636.86
544  ,  630.56
300  ,  618.97
86  ,  599.99
80  ,  570.48
163  ,  532.81
391  ,  493.27
918  ,  462.25
131  ,  442.75
59  ,  423.56
47  ,  397.6
253  ,  368.22
357  ,  341.27
323  ,  320.12
286  ,  304.09
254  ,  291.33
181  ,  280.06
108  ,  268.25
186  ,  255.28
136  ,  242.09
453  ,  231.59
122  ,  225.51
84  ,  219.9
690  ,  216.45
217  ,  220.46
39  ,  225.8
65  ,  225.47
36  ,  219.56
332  ,  211.73
318  ,  207.16
425  ,  208.26
184  ,  213.32
558  ,  221.21
99  ,  231.4
118  ,  238.74
226  ,  241.13
90  ,  240.47
161  ,  236.77
122  ,  230.6
395  ,  224.9
112  ,  221.57
184  ,  218.36
99  ,  213.52
478  ,  209.88
466  ,  212.65
446  ,  222.95
484  ,  238.5
204  ,  255.74
42  ,  268.15
575  ,  275.9
74  ,  283.13
72  ,  285.88
194  ,  282.02
157  ,  274.94
109  ,  265.61
565  ,  257.52
133  ,  254.12
135  ,  251.13
150  ,  245.19
565  ,  240.82
294  ,  242.49
131  ,  246.32
158  ,  247.03
345  ,  245.98
42  ,  244.41
298  ,  241.18
642  ,  241.28
506  ,  250.48
511  ,  266.94
408  ,  286.55
175  ,  304.38
124  ,  315.24
398  ,  319.93
147  ,  321.78
108  ,  319.23
838  ,  316.66
64  ,  319.42
198  ,  320.6
75  ,  315.42
194  ,  305.62
160  ,  293.26
112  ,  279.41
300  ,  265.32
57  ,  252.21
166  ,  238.74
788  ,  230.29
425  ,  233.94
523  ,  246.69
97  ,  261.12
625  ,  274.53
733  ,  292.73
81  ,  314.73
286  ,  330.85
298  ,  340.12
287  ,  345.62
353  ,  348.53
297  ,  349.9
367  ,  350.25
361  ,  350.45
94  ,  348.82
479  ,  344.58
244  ,  340.69
229  ,  336.36
408  ,  331.16
437  ,  328.47
145  ,  327.35
324  ,  324.38
647  ,  323.29
765  ,  331.28
497  ,  348.33
494  ,  368.33
493  ,  387.66
486  ,  405.76
459  ,  421.99
708  ,  437.8
546  ,  455.3
561  ,  473.02
713  ,  490.49
520  ,  508.23
636  ,  524.64
1023  ,  542.97
819  ,  567.73
617  ,  594.77
987  ,  620.73
607  ,  646.32
565  ,  667.28
521  ,  679.92
915  ,  687.94
705  ,  696.52
471  ,  703.14
810  ,  705.28
805  ,  707.52
545  ,  710.32
362  ,  707.71
403  ,  696.3
384  ,  677.49
336  ,  653.38
323  ,  624.98
610  ,  595.98
387  ,  570.2
316  ,  545.83
270  ,  520
238  ,  492.31
304  ,  463.75
391  ,  436.98
255  ,  413.27
291  ,  391.47
371  ,  371.94
420  ,  356.78
339  ,  346.23
248  ,  337.88
212  ,  329.04
158  ,  318.36
215  ,  305.91
191  ,  292.82
320  ,  280.78
395  ,  272.45
664  ,  271.71
675  ,  281.76
626  ,  301.75
623  ,  327.89
577  ,  357.05
681  ,  387.63
612  ,  419.05
600  ,  449.71
323  ,  475.81
428  ,  493.8
491  ,  505.02
480  ,  512.5
531  ,  517.65
406  ,  520.56
486  ,  520.72
401  ,  518.36
429  ,  513.65
501  ,  507.66
256  ,  500.28
398  ,  489.83
361  ,  477.42
303  ,  464.01
266  ,  448.7
320  ,  431.83
295  ,  414.7
420  ,  398.97
339  ,  386.01
349  ,  375.34
357  ,  366.35
382  ,  359.33
249  ,  353.43
248  ,  346.62
656  ,  341.56
654  ,  344.59
418  ,  355.07
406  ,  366.93
413  ,  377.38
395  ,  386.3
434  ,  393.84
392  ,  400.23
403  ,  405.26
432  ,  409.17
594  ,  413.98
608  ,  422.31
438  ,  433.22
465  ,  443.29
373  ,  450.69
339  ,  454.27
284  ,  453.07
324  ,  447.43
360  ,  439.08
329  ,  429.6
582  ,  421.42
379  ,  416.69
320  ,  413.04
374  ,  408.16
419  ,  403.25
273  ,  398.48
526  ,  394
477  ,  392.43
402  ,  393.78
249  ,  394.43
286  ,  391.74
297  ,  386.05
310  ,  378.84
223  ,  370.29
295  ,  360.27
499  ,  351.58
434  ,  347.57
446  ,  347.94
332  ,  350.39
462  ,  353.64
380  ,  357.93
416  ,  362.87
311  ,  367.22
292  ,  369.4
291  ,  368.68
317  ,  365.84
396  ,  362.52
484  ,  361.14
546  ,  363.88
503  ,  371.05
501  ,  381.13
546  ,  393.08
526  ,  406.63
532  ,  421.04
474  ,  435.11
489  ,  447.69
457  ,  458.23
439  ,  466.34
490  ,  472.19
418  ,  476.22
563  ,  479.16
646  ,  483.63
710  ,  492.15
568  ,  504.06
535  ,  516.11
513  ,  525.99
415  ,  532.48
404  ,  534.31
372  ,  531.3
426  ,  524.5
397  ,  515.42
336  ,  504.4
355  ,  491.19
352  ,  476.52
323  ,  461.07
331  ,  445.12
374  ,  429.54
378  ,  415.55
457  ,  404.28
320  ,  395.65
389  ,  388.3
586  ,  383.76
718  ,  386.35
676  ,  397.66
299  ,  412.66
265  ,  423.18
268  ,  426.35
302  ,  423.87
361  ,  418.24
412  ,  412.01
441  ,  407.09
458  ,  404.34
524  ,  404.38
549  ,  407.96
484  ,  414.58
554  ,  422.97
450  ,  432.21
474  ,  440.87
398  ,  447.72
358  ,  451.62
367  ,  451.94
448  ,  450.01
516  ,  448.37
558  ,  449.1
519  ,  452.55
556  ,  457.96
488  ,  464.41
428  ,  470.16
406  ,  473.48
377  ,  473.76
402  ,  471.26
365  ,  466.59
334  ,  459.79
298  ,  450.48
328  ,  438.97
251  ,  425.72
229  ,  410.4
261  ,  393.27
337  ,  376.27
312  ,  361.23
340  ,  348.6
249  ,  337.74
321  ,  327.9
242  ,  318.96
294  ,  310.7
555  ,  305.58
357  ,  306.05
180  ,  308.23
206  ,  307.38
198  ,  303.15
237  ,  296.89
270  ,  290.13
295  ,  284.26
329  ,  280.21
351  ,  278.61
357  ,  279.62
532  ,  284.28
369  ,  293.14
336  ,  303.4
347  ,  312.64
309  ,  320.4
243  ,  325.71
308  ,  328.13
692  ,  331.92
588  ,  342.54
912  ,  362.12
790  ,  391.32
796  ,  427.53
839  ,  467.4
696  ,  508.35
444  ,  544.77
451  ,  571.33
472  ,  587.78
481  ,  596.44
372  ,  598.34
363  ,  593.16
274  ,  581.07
290  ,  562.74
307  ,  539.93
311  ,  514.88
348  ,  489.43
391  ,  465.49
363  ,  444.26
386  ,  425.86
281  ,  409.51
513  ,  395.61
929  ,  390.34
1023  ,  401.17
490  ,  424.55
648  ,  450.09
251  ,  471.48
646  ,  487.03
510  ,  499.74
348  ,  509.54
862  ,  517.25
608  ,  528.09
1023  ,  544.38
416  ,  564.05
384  ,  578.89
1023  ,  589.32
587  ,  602.64
394  ,  614.25
676  ,  619.81
246  ,  620.08
1023  ,  617.94
1023  ,  623.16
866  ,  638.89
902  ,  659.8
1023  ,  684.3
403  ,  707.95
622  ,  722.87
548  ,  728.56
712  ,  728.95
537  ,  725.95
607  ,  719.52
1023  ,  713.78
452  ,  711.44
750  ,  708.29
574  ,  703.4
304  ,  694.69
905  ,  682.43
506  ,  672.2
418  ,  661.54
744  ,  648.87
473  ,  637.45
452  ,  625.44
647  ,  612.41
639  ,  601.95
616  ,  595.07
491  ,  589.68
444  ,  583.01
327  ,  572.81
492  ,  559.35
358  ,  544.47
418  ,  528.65
641  ,  514.33
439  ,  504.1
537  ,  496.62
940  ,  494.71
593  ,  501.63
487  ,  511.82
374  ,  518.7
426  ,  520.56
396  ,  518.24
357  ,  512.44
361  ,  503.3
328  ,  491.38
298  ,  477
247  ,  460.06
530  ,  442.94
735  ,  432.1
817  ,  432.71
542  ,  442.77
658  ,  456.84
255  ,  469.87
844  ,  480.88
471  ,  493.26
305  ,  503.64
396  ,  507.21
794  ,  508.79
438  ,  513.14
362  ,  516.28
167  ,  512.7
166  ,  500.32
682  ,  484.24
278  ,  470.94
284  ,  457.85
370  ,  442.88
361  ,  428.34
432  ,  415.73
373  ,  405.59
274  ,  396.48
278  ,  386.41
279  ,  375.18
213  ,  362.96
360  ,  350.5
331  ,  339.89
385  ,  332.19
404  ,  327.76
454  ,  327.1
395  ,  329.84
342  ,  334.1
403  ,  338.52
412  ,  343.57
401  ,  349.48
379  ,  355.57
304  ,  360.54
308  ,  363.13
274  ,  362.98
421  ,  361.45
764  ,  363.82
703  ,  375.38
723  ,  395.49
722  ,  421.27
709  ,  450.58
445  ,  479.27
541  ,  502.94
464  ,  520.8
421  ,  532.83
320  ,  537.91
325  ,  535.55
328  ,  526.86
330  ,  513.77
310  ,  497.64
367  ,  479.88
346  ,  462.05
430  ,  445.55
362  ,  431.24
414  ,  419.06
366  ,  408.81
400  ,  400.27
342  ,  393.01
338  ,  386.26
334  ,  379.55
240  ,  372.22
230  ,  363.03
278  ,  352.18
318  ,  341.43
388  ,  332.71
410  ,  327.49
473  ,  326.52
424  ,  329.63
305  ,  334.53
273  ,  338
386  ,  339.72
353  ,  341.35
347  ,  343.18
289  ,  344.28
308  ,  343.95
662  ,  345.25
517  ,  352.49
468  ,  364.11
716  ,  378.77
520  ,  397.29
542  ,  417.15
486  ,  435.7
653  ,  453.28
643  ,  471.76
621  ,  491.3
575  ,  510.2
433  ,  525.93
371  ,  535.55
387  ,  538.15
459  ,  535.67
418  ,  530.37
352  ,  522.48
334  ,  511.31
479  ,  498.35
436  ,  486.32
491  ,  476.31
468  ,  468.53
411  ,  462.31
391  ,  456.2
512  ,  450.58
353  ,  446.01
310  ,  440.45
286  ,  432.14
349  ,  421.75
311  ,  410.65
380  ,  399.82
464  ,  391.04
616  ,  387.28
436  ,  389.2
484  ,  394.03
490  ,  400.29
639  ,  409.14
485  ,  420.9
781  ,  435.64
530  ,  453.63
459  ,  471.28
424  ,  484.63
463  ,  493.42
523  ,  499.29
523  ,  504.05
519  ,  508.26
603  ,  512.53
623  ,  518.21
647  ,  525.98
556  ,  534.89
630  ,  543.71
576  ,  552.2
662  ,  560.57
484  ,  568.1
485  ,  572.56
568  ,  573.78
492  ,  573.23
464  ,  570.56
527  ,  565.81
415  ,  559.5
561  ,  552.09
556  ,  545.51
624  ,  541.44
487  ,  539.35
537  ,  537.57
720  ,  537.29
859  ,  542.63
672  ,  554.34
623  ,  568.21
526  ,  580.16
526  ,  588.29
626  ,  593.28
808  ,  598.81
779  ,  608.11
912  ,  622.08
901  ,  640.98
708  ,  662.34
509  ,  680.04
467  ,  689.25
630  ,  690.7
778  ,  689.7
529  ,  688.59
462  ,  684.03
464  ,  673.9
617  ,  660.58
491  ,  646.74
931  ,  635.74
824  ,  632.51
573  ,  635.11
990  ,  640.5
926  ,  652.07
650  ,  668.04
555  ,  681.09
530  ,  687.51
677  ,  688.63
696  ,  688.08
639  ,  687.29
710  ,  686.17
1023  ,  688.05
1023  ,  697.85
1023  ,  715.89
969  ,  739.17
1014  ,  765.19
1001  ,  792.62
902  ,  819.61
823  ,  843.02
863  ,  861.16
805  ,  874.25
854  ,  882.84
578  ,  885.76
495  ,  879.55
439  ,  862.57
531  ,  837
550  ,  806.99
530  ,  775.41
602  ,  744.12
542  ,  714.59
562  ,  687.13
558  ,  661.95
410  ,  638.19
619  ,  615.58
617  ,  596.75
612  ,  583.05
519  ,  572.84
880  ,  567.01
614  ,  567.63
622  ,  571.84
688  ,  577.15
792  ,  585.11
798  ,  597.11
870  ,  613.32
840  ,  633.19
846  ,  655.32
859  ,  678.44
879  ,  701.99
882  ,  725.54
996  ,  749.5
864  ,  773.76
835  ,  796.01
884  ,  814.85
881  ,  831.04
861  ,  844.85
810  ,  855.65
877  ,  863.35
874  ,  869.1
852  ,  873.48
771  ,  875.63
779  ,  874.61
880  ,  871.47
706  ,  867.12
675  ,  859.74
558  ,  847.41
600  ,  829.9
442  ,  807.49
407  ,  779.48
368  ,  746.03
592  ,  710.4
507  ,  676.89
521  ,  646.65
614  ,  620.17
549  ,  598.51
407  ,  579.78
444  ,  561.33
503  ,  543.65
768  ,  530.56
688  ,  525.5
660  ,  527.35
770  ,  534.2
845  ,  546.81
947  ,  566.38
847  ,  592.02
1023  ,  622.08
992  ,  656.36
1023  ,  693.86
993  ,  732.65
926  ,  770.37
918  ,  804.63
1015  ,  835.27
989  ,  863.46
1023  ,  889.52
1023  ,  913.44
1000  ,  935.03
958  ,  953.44
820  ,  966.84
772  ,  972.96
880  ,  972.36
774  ,  967.15
746  ,  957.53
653  ,  942.73
814  ,  924.11
648  ,  903.7
702  ,  881.62
581  ,  857.53
433  ,  829.89
407  ,  796.95
298  ,  758.51
260  ,  714.83
182  ,  666.42
350  ,  615.76
383  ,  567.44
452  ,  524.93
442  ,  489.53
585  ,  462.25
486  ,  443.51
699  ,  433.15
633  ,  431.64
729  ,  438.36
870  ,  453.3
770  ,  476.33
864  ,  504.99
786  ,  537.1
1003  ,  572.04
1023  ,  611.05
833  ,  652.56
903  ,  692.14
1023  ,  729.56
973  ,  766.22
935  ,  800.97
919  ,  831.98
895  ,  858.36
1023  ,  880.89
843  ,  900.17
921  ,  915.09
862  ,  925.53
842  ,  931.74
880  ,  934.03
515  ,  930.75
592  ,  918.33
806  ,  899.35
684  ,  879.13
843  ,  859.66
731  ,  842.09
606  ,  824.99
502  ,  804.99
347  ,  779.52
188  ,  746.02
237  ,  704.06
188  ,  656.08
257  ,  605.24
228  ,  554.38
296  ,  505.82
324  ,  461.68
195  ,  422.3
518  ,  388.59
610  ,  365.24
565  ,  354.32
381  ,  351.72
