152,64.56,1
0,451.13,1
96,471.78,1
462,482.89,1
531,488.13,1
110,489.43,1
198,482.03,1
346,467.44,1
460,452.04,1
878,443.14,1
482,444.1,1
94,446.18,1
91,439.33,1
732,427.96,1
208,419.74,1
339,411.89,1
215,401.37,1
1023,394.94,1
488,399.72,1
404,410.04,1
179,416.51,1
73,414.41,1
509,405.97,1
226,397.02,1
316,387.62,1
325,377.43,1
614,370.27,1
196,367.07,1
561,365.46,1
136,364.18,1
211,359.75,1
156,350.37,1
260,338.12,1
203,324.87,1
512,313.8,1
122,306.14,1
67,297.01,1
342,285.15,1
194,274.52,1
296,265.85,1
171,258.39,1
544,253.97,1
84,253.3,1
475,254.25,1
172,256.52,1
385,259.73,1
140,262.52,1
659,266.91,1
127,274.54,1
564,283.53,1
361,294.34,1
78,304.1,1
622,310.89,1
208,318.41,1
103,323.02,1
569,323.95,1
129,325.28,1
230,324.25,1
110,318.55,1
182,308.84,1
286,297.54,1
684,291.01,1
365,293.07,1
103,297.55,1
1023,304.28,1
84,317.85,1
103,328.32,1
148,329.11,1
425,325.64,1
244,322.49,1
418,320.45,1
74,317.85,1
482,314.03,1
127,310.37,1
322,306.08,1
58,299.53,1
568,292.95,1
1023,296.67,1
466,315.16,1
351,337.92,1
144,354.87,1
64,361.85,1
448,361.07,1
95,357.25,1
513,352.04,1
222,347.55,1
107,341.42,1
323,331.71,1
120,320.57,1
147,307.35,1
1023,299.04,1
106,301.9,1
249,306.39,1
482,308.63,1
176,311.63,1
295,312.91,1
43,310.22,1
314,303.7,1
437,297.85,1
338,296.19,1
333,297.08,1
274,298.52,1
639,302.31,1
76,308.63,1
236,311.73,1
364,311.26,1
97,309.39,1
1023,310.83,1
163,320.83,1
126,330.02,1
75,330.08,1
1023,329.95,1
127,337.61,1
337,345.62,1
132,347.91,1
68,343.6,1
476,335.11,1
127,327.04,1
58,316.56,1
224,301.84,1
42,285.18,1
902,273.12,1
251,272.49,1
207,276.28,1
617,280.63,1
371,289.75,1
508,302.59,1
1023,322.39,1
136,349.17,1
1023,377.14,1
1023,412.46,1
210,452.82,1
658,485.89,1
645,512.9,1
817,539.37,1
611,565.51,1
611,588.59,1
96,602.5,1
105,600.65,1
154,583.29,1
524,558.5,1
162,532.42,1
646,507.34,1
142,484.7,1
65,459.7,1
1023,436.2,1
331,424.06,1
69,415.3,1
520,403.09,1
154,390.91,1
574,380.32,1
674,376.05,1
54,376.75,1
1023,379.73,1
686,392.41,1
181,410.42,1
46,419.56,1
1023,423.37,1
80,430.22,1
276,433.28,1
234,428.43,1
170,418.06,1
965,409.07,1
422,409.52,1
1023,419.67,1
65,434.4,1
124,441.8,1
618,440.51,1
240,438.18,1
280,433.28,1
182,423.33,1
273,409.34,1
800,397.81,1
115,392.33,1
196,385.34,1
107,372.35,1
302,356.05,1
127,338.8,1
258,321.21,1
271,304.77,1
440,292.45,1
147,284.13,1
143,275.64,1
469,267.53,1
372,264.57,1
501,267.73,1
151,273.89,1
266,278.34,1
79,278.81,1
80,274.13,1
503,267.61,1
113,263.73,1
135,259.2,1
233,252.3,1
108,244.59,1
597,239.29,1
508,242.29,1
83,250.54,1
244,256.13,1
69,257.15,1
264,254.76,1
302,251.95,1
358,251.62,1
259,253.6,1
330,256.67,1
245,260.14,1
1023,269.37,1
284,288.76,1
343,309.9,1
939,331.48,1
36,355.54,1
981,378.55,1
156,401.31,1
100,416.85,1
689,423.48,1
82,427.41,1
38,423.61,1
62,408.31,1
87,385.23,1
482,360.86,1
161,340.44,1
128,321.39,1
119,300.74,1
400,281.44,1
169,266.47,1
153,253.64,1
352,242.34,1
409,236.18,1
417,236.82,1
154,241.04,1
34,242.56,1
404,240.83,1
228,240.41,1
302,241.74,1
398,244.94,1
137,249.49,1
210,251.99,1
558,254.8,1
94,260.26,1
152,263.25,1
124,261.16,1
387,257.41,1
36,253.77,1
696,252.17,1
166,255.83,1
58,259.13,1
374,258.47,1
133,257.18,1
345,255.83,1
422,256.66,1
132,259.7,1
891,266.44,1
132,279.74,1
97,290.95,1
387,295.64,1
51,297.03,1
587,297.15,1
85,298.26,1
141,296.63,1
514,292.86,1
98,290.79,1
89,286.18,1
69,276.05,1
110,261.91,1
122,245.89,1
52,228.91,1
97,211.09,1
423,196.1,1
46,186.42,1
59,177.64,1
54,166.88,1
62,155.06,1
104,143.28,1
630,137.05,1
89,139.83,1
127,145.1,1
180,148.62,1
300,152.9,1
267,159.78,1
186,168.18,1
294,176.7,1
301,186.26,1
154,196.06,1
90,202.8,1
380,207.11,1
63,211.09,1
230,213.2,1
39,212.35,1
112,208.14,1
416,203.67,1
409,204.8,1
228,210.97,1
177,217.3,1
128,220.8,1
153,220.97,1
361,220.37,1
315,222.47,1
324,227.63,1
144,233.17,1
59,235.23,1
81,231.76,1
127,224.37,1
204,215.79,1
136,207.67,1
249,200.63,1
238,195.85,1
115,192.69,1
39,188.07,1
191,181.53,1
66,174.58,1
112,167.1,1
73,158.89,1
462,153.35,1
143,153.55,1
455,158.54,1
616,170.96,1
79,189.29,1
354,206.31,1
78,219.55,1
259,228.72,1
73,233.57,1
215,234.68,1
208,233.65,1
690,236.12,1
82,244.03,1
236,250.97,1
311,255.11,1
142,258.09,1
83,257.43,1
52,251.39,1
128,241.1,1
271,230.11,1
56,220.14,1
258,210.59,1
121,202.09,1
131,194.16,1
650,190.27,1
54,193.32,1
136,196.64,1
279,197.66,1
292,200.08,1
573,207.2,1
297,220.1,1
42,232.65,1
218,239.43,1
130,241.69,1
503,243.52,1
66,246.8,1
499,250.51,1
159,255.17,1
48,257.43,1
129,253.79,1
236,247.09,1
40,239.1,1
268,229.94,1
151,221.39,1
41,212.6,1
52,201.28,1
61,187.71,1
120,173.58,1
99,160.41,1
163,149.07,1
136,140.18,1
80,133.05,1
108,126.57,1
83,120.58,1
62,114.83,1
114,109.32,1
202,105.58,1
226,105.45,1
290,109.7,1
39,116.3,1
90,121.24,1
122,123.8,1
168,125.81,1
302,129.45,1
402,137.63,1
138,149.59,1
161,160.65,1
768,173.98,1
73,192.96,1
290,210.95,1
69,223.58,1
127,230.39,1
701,236.42,1
127,247.01,1
56,255.23,1
225,256.88,1
105,254.6,1
219,249.87,1
110,243.41,1
148,235.27,1
324,227.34,1
342,223.19,1
106,221.89,1
336,220.92,1
120,220.3,1
140,218.45,1
65,213.63,1
278,207.42,1
284,203.33,1
114,201.46,1
180,199.11,1
100,195.48,1
128,190.43,1
383,186.41,1
297,187.04,1
362,192.42,1
205,200.35,1
262,208.3,1
386,216.67,1
184,225.95,1
184,233.29,1
125,236.73,1
241,237.07,1
43,234.85,1
210,229.81,1
71,222.77,1
190,214.51,1
289,207.26,1
242,203.26,1
172,201.31,1
64,198.53,1
122,193.33,1
132,186.6,1
295,180.94,1
179,178.12,1
257,177.63,1
120,178.12,1
138,177.83,1
96,175.78,1
60,171.62,1
392,167.81,1
247,168.42,1
93,171.42,1
161,172.94,1
56,172.25,1
200,169.93,1
253,168.42,1
53,167.99,1
440,168.7,1
231,173.26,1
71,179.06,1
234,182.54,1
78,184.25,1
69,183.25,1
122,179.17,1
183,174.25,1
41,169.12,1
532,166.24,1
87,168.41,1
203,172.02,1
99,173.97,1
294,175.45,1
73,177.06,1
327,178.76,1
185,181.71,1
94,184.48,1
953,191.43,1
205,208.79,1
174,227.77,1
400,242.55,1
94,254.58,1
75,260.77,1
225,260.74,1
218,258.26,1
943,261.1,1
93,272.76,1
233,283.86,1
209,289.22,1
165,290.5,1
187,287.83,1
58,281.26,1
166,270.8,1
376,260.24,1
558,255.77,1
512,260.46,1
547,273.1,1
452,290.7,1
376,309.53,1
184,325.06,1
143,333.49,1
426,336.29,1
252,337.59,1
479,339.06,1
75,339.59,1
57,334.34,1
38,321.13,1
52,301.97,1
48,278.89,1
391,256.58,1
120,239,1
54,223.41,1
534,210.47,1
52,203.35,1
155,197.78,1
98,190.81,1
531,186.51,1
337,189.5,1
247,197.52,1
741,210.17,1
284,229.55,1
76,248.12,1
192,259.15,1
127,263.8,1
67,262.83,1
197,257.16,1
151,249.4,1
78,240.03,1
182,229.01,1
82,217.38,1
144,205.42,1
97,193.41,1
322,183.35,1
36,176.05,1
288,170.33,1
64,165.94,1
125,161.58,1
56,155.99,1
185,150.07,1
71,144.72,1
243,140.59,1
98,138.2,1
405,138.8,1
214,144,1
59,150.57,1
93,154.09,1
58,154.17,1
327,153.56,1
43,154.25,1
102,153.91,1
54,151.06,1
422,149.13,1
298,152.73,1
168,160.18,1
128,166.85,1
73,170.47,1
45,170.22,1
257,167.88,1
209,166.91,1
49,166.65,1
150,164.73,1
140,161.86,1
195,159.5,1
50,157.23,1
57,153.21,1
78,147.05,1
248,141.32,1
71,137.63,1
225,135.37,1
81,134.15,1
71,132.57,1
234,130.77,1
285,131.88,1
154,136.33,1
188,141.67,1
202,147.1,1
232,153.19,1
188,159.81,1
58,165.06,1
164,167.48,1
69,167.54,1
100,165.39,1
97,161.28,1
60,155.75,1
295,150.63,1
158,148.47,1
114,147.91,1
41,146.13,1
160,142.87,1
646,144,1
186,153.68,1
42,164.71,1
139,171.05,1
174,174.31,1
32,175.31,1
198,173.86,1
34,170.81,1
528,169.4,1
226,173.59,1
168,180.57,1
34,184.82,1
48,184.3,1
55,179.25,1
462,174.61,1
165,174.78,1
211,177.44,1
106,179.33,1
36,178.64,1
115,174.59,1
254,170.04,1
36,166.4,1
198,162.45,1
128,158.71,1
105,155.24,1
523,154.59,1
202,160.21,1
176,168.3,1
127,174.5,1
57,177.44,1
158,177.1,1
322,176.73,1
281,179.56,1
238,185.03,1
383,192.5,1
198,201.73,1
260,210.68,1
134,217.55,1
37,220.22,1
245,218.66,1
804,221.24,1
266,233.46,1
191,247.72,1
50,256.15,1
286,258.83,1
206,259.13,1
125,257.61,1
303,254.23,1
264,251.47,1
307,250.49,1
127,249.76,1
79,246.24,1
154,239.05,1
267,231.11,1
356,226.05,1
509,227.04,1
234,233.65,1
127,240.07,1
109,241.92,1
50,238.6,1
52,230.32,1
309,220.23,1
163,212.19,1
229,206.2,1
404,203.3,1
224,204.81,1
51,206.65,1
358,206.86,1
209,208.25,1
376,211.99,1
195,217.37,1
495,224.7,1
360,235.7,1
923,253.95,1
450,281.3,1
136,308.94,1
573,330.44,1
151,347.71,1
381,359.71,1
230,366.33,1
454,369.96,1
184,371.42,1
504,371.22,1
571,373.4,1
315,378.91,1
37,380.8,1
144,373.93,1
86,359.64,1
359,342.46,1
174,326.16,1
236,310.77,1
115,295.11,1
84,277.97,1
295,260.51,1
121,245.21,1
548,234.42,1
434,232.2,1
252,236.66,1
1020,248.39,1
294,270.64,1
173,293.3,1
165,307.46,1
86,312.84,1
579,314.14,1
160,316.36,1
453,318.76,1
290,321.26,1
535,325.49,1
131,330.26,1
154,330.83,1
109,324.8,1
52,312.93,1
102,296.09,1
551,280.17,1
267,270.93,1
237,265.89,1
40,259.71,1
130,250.14,1
326,239.78,1
237,232.44,1
323,228.47,1
45,225.56,1
124,220.33,1
990,219.66,1
165,230.66,1
160,243.64,1
195,251.01,1
322,255.52,1
144,258.63,1
744,263.65,1
419,275.71,1
515,293.13,1
334,311.4,1
760,331.09,1
137,351.58,1
209,365.8,1
84,369.71,1
476,367.51,1
185,363.78,1
254,357.97,1
128,348.47,1
120,334.98,1
89,317.4,1
60,296.54,1
111,273.57,1
492,253.47,1
836,245.96,1
381,253.15,1
173,264.9,1
190,272.59,1
158,275.33,1
176,273.98,1
677,273.7,1
1023,285.5,1
309,310,1
120,332.93,1
868,351.05,1
86,369.27,1
116,380.47,1
47,379.49,1
550,372.4,1
117,365.15,1
103,354.93,1
764,344.38,1
215,340.28,1
136,336.9,1
299,329.71,1
770,325.77,1
183,328.68,1
50,329.82,1
500,326.19,1
148,322.55,1
446,319.38,1
222,316.84,1
519,316.09,1
94,316.24,1
279,314.04,1
182,308.86,1
38,300.29,1
534,290.41,1
124,283.49,1
296,277.78,1
867,277.33,1
265,286.91,1
323,298.97,1
73,306.36,1
786,312.21,1
182,321.4,1
156,328.55,1
280,329.52,1
80,325.9,1
37,316.36,1
1023,308.37,1
229,311.41,1
228,317.56,1
61,317.94,1
516,314.88,1
66,311.71,1
92,305.09,1
136,293.13,1
495,281.43,1
963,280.54,1
174,292.11,1
46,302.46,1
345,305.35,1
164,304.87,1
201,301.63,1
561,298.51,1
144,298.4,1
54,295.89,1
127,287.37,1
140,275.12,1
160,261.4,1
775,252.55,1
597,256.53,1
72,268.01,1
693,279.76,1
161,292.83,1
246,303.51,1
385,310.11,1
170,314.68,1
744,319.88,1
399,330.22,1
253,342,1
391,350.35,1
362,356.66,1
894,366.32,1
187,380.82,1
242,391.72,1
60,393.07,1
153,385.28,1
132,370.7,1
40,351.13,1
530,330.75,1
50,313.84,1
265,298,1
122,281.91,1
444,268.23,1
61,257.83,1
89,246.79,1
269,234.42,1
112,223.38,1
41,212.02,1
76,198.53,1
37,183.59,1
99,168.25,1
211,154.71,1
262,145.78,1
151,141.51,1
496,142.39,1
71,148.39,1
85,154.03,1
190,156.74,1
127,158.52,1
55,158.76,1
218,157.46,1
159,156.64,1
88,156,1
532,157.52,1
119,163.96,1
133,170.91,1
55,174.19,1
347,175.78,1
161,178.7,1
234,182.49,1
228,186.42,1
411,192.34,1
166,200.53,1
205,207.96,1
531,215.87,1
223,227.03,1
36,236.38,1
316,240.75,1
495,245.72,1
496,256.3,1
43,268.51,1
94,274.51,1
61,272.42,1
149,264.81,1
67,253.81,1
168,240.71,1
564,230.81,1
297,228.84,1
84,230.11,1
124,228.34,1
168,223.61,1
42,216.79,1
441,210.16,1
392,209.05,1
438,215.06,1
964,231.01,1
81,255.72,1
312,277.92,1
154,292.64,1
154,300.54,1
492,304.47,1
130,307.88,1
165,307.84,1
339,304.21,1
199,300,1
93,293.76,1
96,283.27,1
122,269.31,1
213,254.32,1
165,240.42,1
321,229.03,1
238,221.45,1
69,215.53,1
37,207.32,1
227,197.3,1
121,188.22,1
306,181.5,1
524,180.8,1
122,186.53,1
72,191.66,1
358,194.39,1
93,197.32,1
107,198.37,1
267,197.37,1
160,196.7,1
75,195.14,1
114,191.03,1
182,185.6,1
69,179.84,1
239,174.14,1
405,171.9,1
129,174.3,1
42,176.18,1
340,176.36,1
551,181.15,1
101,191.64,1
53,199.94,1
138,202.47,1
51,200.81,1
417,198.33,1
160,198.53,1
43,198.57,1
35,194.37,1
40,186.01,1
92,175.23,1
160,164.39,1
74,154.74,1
46,145.22,1
165,135.92,1
52,127.9,1
253,121.88,1
146,119.08,1
127,118.57,1
53,118,1
746,121.78,1
71,133.92,1
104,146.91,1
248,156.27,1
169,164.58,1
90,171.03,1
330,175.9,1
152,181.24,1
214,186.31,1
54,189.23,1
376,190.96,1
63,193.15,1
374,195.67,1
348,200.7,1
280,209.02,1
92,216.71,1
173,220.63,1
591,224.81,1
285,234.15,1
211,244.85,1
756,256.97,1
155,273.24,1
146,286.57,1
71,291.55,1
128,289.18,1
114,281.51,1
96,270.1,1
362,258.01,1
123,248.09,1
96,238.17,1
127,226.37,1
314,215.41,1
199,207.83,1
314,203.73,1
52,201.14,1
209,197.7,1
127,193.47,1
214,189.46,1
114,185.67,1
118,181.29,1
38,175.18,1
38,166.65,1
124,156.62,1
226,148.06,1
38,141.73,1
329,137.45,1
54,135.89,1
74,134.44,1
66,131.12,1
247,128.01,1
199,127.68,1
60,129.03,1
247,130.46,1
139,132.95,1
221,136.62,1
153,140.95,1
189,145.49,1
66,149.07,1
48,149.87,1
140,148.01,1
282,146.74,1
717,152.77,1
185,167.99,1
88,183.73,1
144,193.73,1
178,199.48,1
464,205.23,1
384,215.12,1
160,227.05,1
80,235.09,1
202,237.75,1
77,236.49,1
163,231.99,1
343,227.06,1
144,224.04,1
96,220.34,1
80,213.66,1
464,207.46,1
95,205.01,1
180,203.27,1
60,199.43,1
373,195.48,1
577,197.41,1
65,205.61,1
48,211.29,1
96,210.75,1
154,206.61,1
313,202.56,1
69,199.81,1
351,197.74,1
60,196.5,1
176,194.42,1
173,191.25,1
190,188.41,1
113,185.52,1
164,181.99,1
151,178.18,1
103,174.09,1
187,169.73,1
653,170.12,1
71,177.75,1
176,185.71,1
44,189.46,1
264,190.39,1
152,190.79,1
51,189.91,1
134,186.18,1
59,180.29,1
54,172.4,1
203,163.76,1
187,157.14,1
402,154.99,1
424,159.88,1
170,170.02,1
107,179.3,1
54,184.02,1
437,186.92,1
68,191.17,1
196,194.42,1
49,194.67,1
110,191.76,1
880,192.71,1
68,203,1
44,212.87,1
118,215.57,1
105,213.67,1
467,211.74,1
132,212.93,1
88,213.57,1
88,210.22,1
371,205.97,1
45,203.16,1
247,200.17,1
332,198.46,1
78,198.77,1
84,197.17,1
406,194.81,1
163,195.33,1
245,197.34,1
440,201.42,1
119,208.15,1
109,212.9,1
49,212.56,1
261,209.13,1
36,204.62,1
86,197.87,1
360,190.9,1
94,186.75,1
79,182.61,1
40,175.82,1
208,167.9,1
57,160.57,1
486,156.39,1
54,157,1
182,158.69,1
209,159.91,1
213,162.27,1
214,165.72,1
103,169,1
123,170.39,1
499,172.82,1
105,179.1,1
46,184.19,1
1023,192.06,1
37,209.21,1
254,226.52,1
51,237.09,1
111,241.13,1
174,239.89,1
64,235.27,1
181,227.97,1
118,219.38,1
123,210.06,1
766,205.35,1
225,210.47,1
104,218.29,1
160,221.92,1
67,221.37,1
93,216.86,1
59,208.78,1
166,198.84,1
540,192.39,1
136,192.54,1
155,194.3,1
171,194.31,1
54,192.44,1
241,188.93,1
129,185.5,1
313,183.48,1
37,182.44,1
113,179.74,1
55,174.38,1
123,167.38,1
59,159.49,1
105,151.09,1
108,142.82,1
330,137.19,1
41,135.06,1
502,136.56,1
195,143.49,1
96,152.17,1
75,157.52,1
193,159.97,1
84,161.05,1
202,161.19,1
212,161.75,1
220,163.83,1
41,165.72,1
958,172.17,1
125,188.68,1
73,205.58,1
225,215.68,1
117,221.51,1
253,224.49,1
70,225.07,1
247,223.34,1
88,220.02,1
156,215,1
211,209.11,1
362,205.49,1
50,204.09,1
199,201.73,1
232,198.88,1
201,197.27,1
130,195.85,1
144,193.29,1
122,189.41,1
70,184,1
176,177.42,1
118,171.02,1
103,164.76,1
222,159.06,1
70,154.57,1
78,149.69,1
88,143.62,1
40,136.68,1
172,129.7,1
299,125.75,1
225,126.87,1
271,131.98,1
76,138.47,1
56,142.77,1
127,143.91,1
73,143.18,1
134,141.24,1
649,143.25,1
258,153.96,1
329,169.43,1
59,183.64,1
210,193.8,1
193,200.68,1
124,205.2,1
73,206.08,1
111,203.08,1
102,197.32,1
104,189.9,1
101,181.38,1
75,172.07,1
113,162.32,1
44,152.4,1
103,142.34,1
389,135.26,1
895,140.18,1
106,158.31,1
72,176.58,1
127,187.66,1
86,193.27,1
342,196.42,1
73,199.29,1
611,203.99,1
89,212.3,1
172,219.53,1
624,226.51,1
115,237.05,1
141,245.43,1
236,248.9,1
73,248.97,1
413,247.32,1
126,246.37,1
550,247.56,1
43,250.83,1
127,251.32,1
35,246.12,1
43,235.98,1
80,222.11,1
247,207.95,1
191,196.65,1
56,187.23,1
104,177.24,1
314,168.56,1
154,163.73,1
142,160.95,1
152,158.39,1
60,155.39,1
267,152.42,1
145,151.24,1
138,151.1,1
198,151.12,1
231,152.46,1
221,155.74,1
161,159.99,1
243,164.42,1
88,168.43,1
135,170.49,1
288,171.75,1
127,173.98,1
196,176.03,1
89,176.78,1
159,175.89,1
97,173.55,1
60,169.44,1
122,163.49,1
75,156.68,1
60,149.06,1
97,140.72,1
440,135.48,1
102,135.94,1
79,137.78,1
48,137.16,1
84,134.29,1
116,130.38,1
121,126.72,1
166,124.08,1
151,122.96,1
123,122.94,1
82,122.82,1
74,121.65,1
414,122.08,1
88,126.54,1
425,134.14,1
48,143.62,1
64,150.91,1
48,153.3,1
103,152.21,1
79,149.09,1
94,144.72,1
73,139.42,1
63,133.26,1
108,126.7,1
338,122.61,1
165,123.39,1
153,126.7,1
135,130.04,1
126,132.81,1
94,134.5,1
41,134.28,1
119,132.13,1
55,128.89,1
307,126.6,1
155,127.49,1
92,129.83,1
81,130.79,1
70,129.86,1
195,128.29,1
130,127.73,1
51,127.26,1
189,126.18,1
98,125.55,1
107,124.98,1
98,123.81,1
263,123.52,1
368,127.47,1
190,136.09,1
88,145.07,1
110,151.02,1
94,153.87,1
338,156.2,1
51,159.59,1
143,161.72,1
198,162.4,1
143,163.19,1
167,163.77,1
103,163.59,1
46,161.5,1
168,157.55,1
158,153.79,1
196,151.49,1
151,150.51,1
86,149.62,1
203,148.34,1
48,146.92,1
184,144.98,1
119,143.13,1
322,143.15,1
67,145.28,1
82,146.55,1
62,145.09,1
266,143.08,1
98,142.55,1
136,142.39,1
255,142.73,1
312,146.17,1
130,152.3,1
271,158.89,1
206,165.9,1
76,172.01,1
150,175.14,1
34,175.11,1
101,171.93,1
45,166.11,1
120,158.75,1
180,151.75,1
127,146.44,1
222,143,1
46,140.76,1
283,139.34,1
72,139.31,1
155,139.49,1
110,139.09,1
36,137.58,1
97,134.19,1
156,130.36,1
77,127.16,1
113,124.02,1
211,121.79,1
58,120.97,1
140,120.21,1
35,118.74,1
269,117.65,1
416,121.16,1
317,131.56,1
212,145.51,1
94,158.2,1
34,166.16,1
194,169.69,1
178,171.71,1
228,174.02,1
127,176.31,1
63,176.73,1
59,173.78,1
513,171.53,1
62,173.67,1
130,175.9,1
302,176.93,1
146,179.14,1
131,180.88,1
526,183.94,1
104,190.83,1
59,196.32,1
69,196.36,1
193,193.12,1
454,191.78,1
108,194.41,1
52,195.95,1
56,192.86,1
103,186.38,1
100,178.27,1
165,170.08,1
157,163.08,1
242,158.35,1
130,155.9,1
373,156.13,1
84,159.1,1
341,163.37,1
523,171.84,1
237,186.01,1
44,199.23,1
60,205.86,1
41,205.74,1
71,200.57,1
280,193.82,1
183,189.02,1
91,185.22,1
43,179.6,1
76,171.5,1
124,162.29,1
117,153.58,1
127,145.89,1
44,138.65,1
93,131.11,1
54,123.38,1
195,116.71,1
239,113.41,1
226,114.63,1
70,118.07,1
52,120.23,1
90,120.05,1
189,119.43,1
116,119.84,1
150,120.92,1
284,123.54,1
386,130.55,1
219,142.19,1
100,153.97,1
131,162.37,1
116,167.29,1
78,169.16,1
116,168.18,1
42,164.78,1
140,159.53,1
46,153.3,1
284,147.75,1
52,144.17,1
38,140.19,1
116,134.54,1
135,129.14,1
55,124.41,1
93,119.49,1
141,114.95,1
396,114.1,1
362,120.4,1
252,132.65,1
228,146.62,1
370,161.32,1
100,176.01,1
276,188.34,1
158,198.19,1
622,209.15,1
55,222.61,1
173,232.95,1
275,238.69,1
50,241.53,1
60,239.34,1
624,236.31,1
70,237.65,1
294,239.56,1
155,239.81,1
98,237.87,1
70,232.03,1
81,222.53,1
164,211.24,1
142,200.23,1
40,189.28,1
97,177.35,1
348,167.23,1
206,162.25,1
235,161.31,1
51,161.28,1
83,159.37,1
192,156.03,1
383,155.36,1
101,158.49,1
238,162.42,1
78,165.46,1
38,165.88,1
114,162.93,1
224,159.36,1
43,156.38,1
46,151.89,1
35,144.84,1
155,136.93,1
219,131.06,1
230,129.1,1
251,131.01,1
326,136.9,1
189,145.9,1
35,154.03,1
120,158.25,1
84,159.18,1
54,157.42,1
161,153.79,1
315,151.66,1
39,151.91,1
145,151.51,1
132,150.03,1
278,149.63,1
89,150.81,1
88,151.21,1
39,149.05,1
221,145.69,1
146,143.49,1
236,143.26,1
154,144.73,1
71,146.15,1
45,145.22,1
200,142.69,1
153,141,1
42,139.58,1
190,137.43,1
182,136.24,1
60,135.9,1
210,135.39,1
103,135.33,1
88,134.98,1
186,134.09,1
47,133.18,1
51,130.83,1
180,127.43,1
166,125.4,1
54,124.39,1
122,122.78,1
74,120.57,1
180,118.63,1
78,117.47,1
306,118,1
156,121.53,1
71,125.89,1
58,127.99,1
115,127.85,1
74,126.51,1
115,124.43,1
124,122.27,1
364,122.6,1
55,126.29,1
410,132.24,1
143,140.8,1
49,148.81,1
60,152.42,1
160,152.84,1
51,151.67,1
601,152.95,1
381,162.37,1
152,176.7,1
264,189.58,1
180,200.21,1
47,207.21,1
166,209.33,1
102,208,1
205,204.85,1
97,200.71,1
481,198.21,1
72,199.15,1
170,199.84,1
156,198.45,1
48,195.18,1
114,189.24,1
326,183.44,1
312,181.86,1
256,184.63,1
251,189.54,1
68,193.83,1
266,196.07,1
77,196.89,1
108,195.33,1
644,195.45,1
535,205.01,1
252,221.89,1
103,236.82,1
264,246.3,1
118,251.5,1
43,251.59,1
345,247.89,1
44,243.3,1
239,237.33,1
283,231.6,1
258,228.37,1
40,225.29,1
48,218.69,1
174,209,1
116,198.97,1
250,190.19,1
125,183.35,1
100,177.05,1
40,169.4,1
174,160.91,1
91,153.09,1
44,145.39,1
68,136.76,1
104,128.03,1
173,120.87,1
622,120.38,1
80,128.46,1
312,139.39,1
107,149.81,1
81,157.79,1
88,161.56,1
252,163.29,1
210,165.84,1
82,168.52,1
165,169.42,1
324,170.59,1
182,174.06,1
298,179.13,1
615,188.64,1
236,204.22,1
80,218.98,1
383,229.39,1
94,237.5,1
122,241.55,1
64,239.92,1
207,234.54,1
249,228.69,1
135,223.63,1
98,217.5,1
53,208.8,1
42,197.28,1
88,183.88,1
204,171.1,1
194,161.45,1
155,154.96,1
330,151.8,1
150,152.33,1
322,155.61,1
481,163.53,1
111,175.65,1
486,188.9,1
53,202.13,1
374,213.48,1
106,222.54,1
156,228.18,1
334,231.15,1
151,233.81,1
288,235.75,1
51,235.84,1
68,231.94,1
257,224.93,1
127,218.04,1
38,210.13,1
82,199.47,1
139,187.61,1
110,176.29,1
485,168.84,1
59,167.06,1
265,167.37,1
227,168.82,1
50,170.71,1
77,169.82,1
73,165.8,1
95,159.84,1
88,152.94,1
290,147.28,1
418,147.13,1
108,152.33,1
34,156.77,1
249,158.46,1
65,159.43,1
254,160.14,1
64,160.64,1
171,160.28,1
383,161.24,1
230,166.35,1
117,172.68,1
125,176.64,1
44,177.19,1
290,175.9,1
58,174.73,1
86,172.15,1
99,167.17,1
388,163.42,1
134,163.51,1
196,165.21,1
68,165.96,1
84,164.48,1
267,162.08,1
254,162.13,1
88,163.92,1
279,165.73,1
460,170.77,1
195,180.46,1
434,192.49,1
187,205.59,1
240,217.41,1
142,225.89,1
238,231.15,1
334,235.38,1
153,239.56,1
34,240.4,1
83,235.6,1
150,227.03,1
175,217.63,1
383,210.6,1
177,207.59,1
124,205.56,1
162,202.07,1
163,197.76,1
243,193.99,1
91,190.83,1
181,187.11,1
182,183.34,1
205,180.62,1
70,178.05,1
160,174.37,1
190,170.61,1
255,168.69,1
48,167.83,1
63,165.05,1
136,160.04,1
554,158.29,1
395,165.24,1
228,178.07,1
315,191.55,1
195,204.16,1
311,215.39,1
208,225.28,1
211,233.09,1
95,237.3,1
32,236.25,1
204,230.59,1
248,224.36,1
266,220.19,1
80,216.84,1
335,213.43,1
42,210.32,1
142,205.64,1
367,201.01,1
132,199.18,1
136,197.54,1
132,194.19,1
77,189.14,1
145,182.58,1
341,177.42,1
317,177.12,1
35,179.4,1
195,180,1
606,183.03,1
38,191.21,1
74,197.35,1
227,198.9,1
231,199.77,1
432,203.08,1
79,208.58,1
275,213.01,1
142,215.71,1
224,217.11,1
56,216.34,1
243,213.36,1
288,210.9,1
597,213.76,1
181,222.68,1
133,231.11,1
60,234.11,1
46,231.16,1
107,223.42,1
138,213.43,1
40,202.24,1
51,189.25,1
85,174.98,1
122,161.18,1
64,148.61,1
62,136.73,1
148,125.95,1
244,118.59,1
43,114.7,1
241,112.68,1
192,113.35,1
261,117.45,1
208,124.28,1
64,131.49,1
381,138.54,1
278,148.42,1
244,160.76,1
228,173.02,1
157,183.71,1
70,190.82,1
168,193.76,1
58,193.42,1
426,192.63,1
84,193.88,1
237,195.28,1
89,195.23,1
522,196.47,1
137,201.44,1
160,206.47,1
370,210.29,1
139,214.83,1
445,220.22,1
79,226.2,1
94,229.02,1
395,229.05,1
647,234.18,1
272,246.55,1
472,261.56,1
45,274.75,1
172,281.79,1
132,282.11,1
107,277.45,1
204,269.28,1
201,260.08,1
67,250.04,1
398,240.21,1
281,234.23,1
130,230.94,1
480,229.24,1
60,229.89,1
218,229.55,1
333,228.55,1
107,228.45,1
279,227.65,1
128,226.07,1
280,224.12,1
239,222.9,1
86,221.58,1
77,217.23,1
291,211.12,1
84,205.64,1
43,198.8,1
108,189.35,1
173,179.49,1
106,170.69,1
146,162.76,1
142,155.8,1
276,151.2,1
127,149.47,1
221,149.44,1
233,151.1,1
104,153.91,1
81,155.27,1
124,154.39,1
122,152.35,1
191,150.39,1
233,150.04,1
168,151.63,1
275,154.79,1
112,158.95,1
167,162.36,1
231,165.18,1
247,169.12,1
144,173.69,1
113,176.79,1
41,176.71,1
144,173.62,1
95,169.03,1
127,163.77,1
262,159.41,1
221,158.06,1
140,158.78,1
117,159.19,1
134,158.42,1
92,156.54,1
137,153.7,1
44,149.82,1
130,144.82,1
196,140.37,1
242,138.7,1
133,139.58,1
133,140.92,1
166,141.95,1
178,143.36,1
85,144.7,1
243,145.83,1
222,148.43,1
129,152.25,1
157,155.38,1
281,158.61,1
60,162.26,1
95,163.76,1
113,162.46,1
281,161.08,1
416,163.74,1
61,170.07,1
65,174.24,1
143,174.39,1
69,172.18,1
71,167.72,1
40,160.86,1
383,154.75,1
554,156.17,1
111,165.28,1
204,174.82,1
48,180.96,1
229,183.99,1
107,185.27,1
51,184.19,1
57,179.45,1
71,171.88,1
41,162.39,1
120,152.05,1
131,142.57,1
246,135.85,1
127,132.45,1
95,130.41,1
131,128.24,1
669,130.88,1
448,144.32,1
131,163.87,1
58,179.63,1
235,189.67,1
57,195.83,1
129,197.96,1
51,196.08,1
218,191.88,1
68,186.92,1
55,180.36,1
102,171.72,1
386,164.8,1
151,162.62,1
98,162.1,1
151,160.46,1
131,158.28,1
330,157.54,1
61,158.81,1
84,158.95,1
229,157.57,1
178,157.27,1
125,157.72,1
93,157.16,1
48,154.52,1
183,150.47,1
52,146.27,1
54,141.06,1
175,135.2,1
274,131.91,1
144,132.2,1
214,134.47,1
56,136.95,1
151,138.24,1
114,138.56,1
153,138.62,1
124,138.57,1
113,138.21,1
75,136.88,1
71,134.09,1
39,129.63,1
80,123.87,1
312,119.62,1
126,119.34,1
85,120.56,1
403,123.28,1
241,130.68,1
90,140.05,1
81,146.7,1
132,150.04,1
557,155.1,1
424,167.6,1
210,184.98,1
35,199.35,1
220,207.83,1
48,211.7,1
232,212.14,1
174,211.14,1
412,211.59,1
73,213.81,1
334,215.8,1
283,218.66,1
98,221.84,1
227,222.75,1
77,221.28,1
263,218.16,1
74,214.16,1
42,207.8,1
98,198.22,1
116,187.28,1
45,175.89,1
194,164.73,1
38,154.7,1
101,145.03,1
144,136.06,1
300,130.44,1
256,130.18,1
38,132.71,1
221,134.81,1
147,137.14,1
108,139.53,1
80,140.39,1
150,139.85,1
295,140.4,1
202,143.96,1
165,149.04,1
51,152.78,1
336,155.57,1
192,160.12,1
137,165.37,1
44,168.11,1
157,167.79,1
84,165.66,1
66,161.79,1
109,156.19,1
68,149.67,1
224,143.64,1
126,139.64,1
47,136.3,1
43,131.43,1
43,124.79,1
180,118.17,1
322,115.21,1
196,117.58,1
112,122.34,1
145,126.58,1
126,129.98,1
200,133.21,1
311,138.19,1
238,146.18,1
169,155.32,1
120,162.87,1
38,166.91,1
73,166.67,1
105,163.33,1
35,158.02,1
578,155,1
363,160.45,1
234,172.04,1
50,182.44,1
53,187.49,1
176,187.87,1
159,186.61,1
483,187.59,1
50,191.82,1
127,194.56,1
48,193.03,1
218,189.12,1
52,184.32,1
124,178.24,1
66,170.74,1
70,162.08,1
43,152.19,1
257,143.06,1
87,136.71,1
380,134.04,1
84,135.27,1
121,137.26,1
274,139.19,1
368,144.6,1
509,156.5,1
249,173.89,1
129,190.74,1
199,203.05,1
124,211.09,1
302,216.43,1
164,220.71,1
364,224.88,1
118,228.96,1
150,230.69,1
172,229.2,1
67,225.15,1
214,218.9,1
345,213.86,1
276,212.7,1
139,213.35,1
36,211.68,1
229,207.02,1
70,201.28,1
72,193.93,1
113,184.6,1
76,174.49,1
133,164.32,1
43,154.33,1
263,145.62,1
93,139.65,1
131,135.28,1
320,133.09,1
176,134.87,1
333,140.07,1
381,149.55,1
43,161.21,1
164,169.95,1
45,174.38,1
249,176.13,1
118,177.1,1
282,178.33,1
236,180.97,1
118,184.19,1
54,184.88,1
398,184.44,1
303,187.57,1
215,193.83,1
188,199.8,1
264,204.8,1
76,208.37,1
385,210.81,1
57,213.16,1
93,212.81,1
424,211,1
82,211.1,1
93,209.82,1
175,205.51,1
235,201.06,1
172,197.77,1
193,195.12,1
564,195.95,1
183,202.57,1
214,210.36,1
253,216.47,1
211,221.65,1
304,226.35,1
45,229.57,1
147,228.86,1
55,223.98,1
188,216.52,1
140,208.39,1
294,201.61,1
531,200.22,1
274,206.07,1
140,213.76,1
144,218.31,1
339,220.87,1
178,223.78,1
236,226.28,1
71,226.65,1
57,223.04,1
48,214.87,1
99,203.64,1
139,191.56,1
50,179.59,1
66,167.09,1
74,154.16,1
172,142.43,1
86,132.97,1
116,125.18,1
205,119.45,1
114,116.42,1
192,115.43,1
102,115.82,1
42,115.9,1
110,114.58,1
265,114.15,1
206,117.04,1
395,124.24,1
57,134.34,1
240,143.78,1
214,152.4,1
79,160.09,1
93,164.46,1
228,166.44,1
222,168.81,1
103,171.44,1
161,172.62,1
157,172.6,1
82,171.49,1
127,168.66,1
299,166.19,1
137,165.93,1
77,165.63,1
82,163,1
87,158.35,1
72,152.26,1
272,146.76,1
358,145.78,1
306,150.96,1
228,159.79,1
48,167.92,1
233,173.15,1
155,176.93,1
107,179.32,1
253,180.37,1
267,182.46,1
232,186.44,1
195,190.94,1
78,193.83,1
108,193.39,1
48,189.43,1
133,182.91,1
320,177.15,1
75,173.95,1
176,171.11,1
825,173.61,1
50,185.19,1
137,196.64,1
75,202.12,1
90,202.72,1
173,199.95,1
88,195.58,1
171,190.09,1
56,183.67,1
55,175.52,1
94,165.65,1
80,155.35,1
124,145.49,1
108,136.8,1
372,131.56,1
454,134.08,1
232,144.13,1
63,155.12,1
219,163.09,1
138,169.04,1
168,173.45,1
127,176.03,1
296,178.11,1
479,183.71,1
132,193.39,1
247,202.53,1
136,209.08,1
89,212.17,1
228,211.94,1
92,210.04,1
112,205.98,1
273,200.94,1
310,198.47,1
130,198.5,1
64,197.17,1
101,192.61,1
42,185.32,1
160,176.51,1
69,167.54,1
59,158.13,1
216,149.09,1
66,141.89,1
112,135.53,1
87,129.32,1
45,123.06,1
243,117.71,1
154,115.43,1
190,116.01,1
186,118.59,1
197,122.92,1
330,129.69,1
277,140.01,1
233,152.49,1
127,164.12,1
94,172.29,1
607,180.43,1
54,191.92,1
77,200.84,1
194,204.28,1
148,205.2,1
230,205.05,1
222,205.01,1
110,204.69,1
50,201.7,1
138,195.61,1
126,188.25,1
207,181.36,1
535,179.01,1
82,182.59,1
390,188.29,1
50,193.95,1
63,196.39,1
632,198.43,1
471,208.28,1
246,223.87,1
49,236.69,1
44,241.76,1
78,239.39,1
207,232.99,1
109,225.37,1
214,217.4,1
188,210.16,1
127,203.62,1
61,196.09,1
59,186.43,1
183,175.88,1
93,166.33,1
114,157.56,1
45,148.72,1
60,139.26,1
109,129.72,1
118,121.46,1
210,115.77,1
45,112.44,1
129,109.75,1
92,107.33,1
225,106.4,1
70,107.23,1
62,107.83,1
96,107.12,1
192,106.73,1
340,109.66,1
164,116.89,1
303,126.56,1
261,138.25,1
216,151.22,1
142,162.97,1
209,172.38,1
404,181.81,1
362,194.37,1
532,211.18,1
360,231.69,1
85,250.66,1
54,261.58,1
66,263.3,1
141,258.53,1
56,249.7,1
761,243.13,1
134,244.36,1
132,246.8,1
34,244.01,1
89,236.14,1
41,224.39,1
39,209.75,1
142,193.79,1
210,179.66,1
97,168.44,1
218,159.49,1
112,152.75,1
101,147.07,1
161,141.81,1
326,139.33,1
294,141.95,1
117,147.81,1
357,154.7,1
254,163.79,1
223,174.31,1
190,183.89,1
127,191.12,1
47,194.33,1
454,195.92,1
316,201.16,1
50,207.88,1
94,210.28,1
92,207.88,1
76,202.1,1
56,193.51,1
46,182.5,1
51,169.74,1
453,159.39,1
300,156.69,1
38,158.45,1
77,158.29,1
155,155.77,1
349,154.79,1
200,157.63,1
42,161.12,1
82,161.47,1
104,158.97,1
196,155.82,1
240,154.36,1
98,154.55,1
100,154.02,1
163,152.31,1
114,150.44,1
190,148.85,1
133,147.91,1
149,147.3,1
205,147.22,1
276,149.2,1
209,153.77,1
134,159.02,1
64,162.22,1
205,163.12,1
99,163.15,1
107,162,1
123,159.34,1
138,156.1,1
180,153.26,1
41,150.49,1
221,147.4,1
95,144.95,1
152,142.96,1
230,141.91,1
444,145.12,1
169,153.47,1
157,162.53,1
81,168.68,1
46,170.78,1
128,169.17,1
172,166.26,1
163,163.81,1
65,161.17,1
161,157.6,1
258,155.01,1
169,154.89,1
79,155.26,1
103,153.96,1
199,151.88,1
78,150.07,1
230,148.56,1
39,147.27,1
50,144.35,1
155,139.78,1
71,135.26,1
66,130.35,1
64,124.51,1
40,117.89,1
323,112.82,1
97,111.76,1
97,112.32,1
182,112.94,1
110,114.41,1
119,116.06,1
143,117.53,1
181,119.62,1
168,122.82,1
245,127.47,1
40,132.56,1
119,135.72,1
93,136.71,1
114,136.41,1
182,135.83,1
235,136.79,1
166,139.74,1
55,142.51,1
81,142.84,1
53,140.58,1
76,136.4,1
72,130.96,1
54,124.75,1
355,120.34,1
249,121.38,1
134,126.29,1
210,131.85,1
112,137.22,1
134,141.46,1
180,144.63,1
46,146.72,1
39,145.99,1
137,142.77,1
615,143.25,1
104,150.98,1
164,160.05,1
59,165.71,1
119,167.84,1
53,166.79,1
73,162.95,1
104,157.13,1
110,150.75,1
196,145.21,1
244,142.35,1
150,142.36,1
97,142.97,1
207,143.27,1
52,143.4,1
214,143.1,1
92,142.86,1
240,143.24,1
91,144.28,1
57,144.27,1
40,141.53,1
78,136.52,1
54,130.28,1
259,124.9,1
81,122.09,1
377,122.59,1
66,126.36,1
127,130.32,1
200,133.31,1
300,138.01,1
43,143.99,1
287,149.33,1
194,155.17,1
151,161.31,1
357,167.69,1
158,175.48,1
277,183.45,1
187,190.88,1
179,197.07,1
108,200.67,1
228,201.92,1
71,201.45,1
158,198.8,1
177,194.87,1
58,190.15,1
112,183.59,1
109,175.77,1
102,167.58,1
88,159.13,1
42,150.09,1
158,141,1
88,133.11,1
48,125.87,1
108,118.63,1
258,113.51,1
75,111.63,1
198,111.55,1
48,112.1,1
142,112.41,1
44,112.03,1
122,110.95,1
304,111.35,1
68,114.63,1
226,118.85,1
134,123.53,1
119,128.07,1
46,130.73,1
45,130.54,1
82,127.86,1
96,124.12,1
135,120.55,1
243,118.9,1
42,119.21,1
35,118.5,1
43,115.31,1
288,112.46,1
456,115.51,1
222,125.82,1
340,139.71,1
71,153.71,1
96,164.05,1
178,170.16,1
40,173.25,1
91,172.76,1
102,169.36,1
220,165.44,1
88,162.19,1
43,158,1
99,151.86,1
41,144.49,1
206,137.32,1
54,131.52,1
107,126.24,1
272,122.51,1
146,122.25,1
84,123.36,1
225,124.59,1
117,126.8,1
72,128.68,1
44,128.36,1
184,126.7,1
47,125.04,1
35,122.23,1
151,118.25,1
42,114.44,1
42,110.06,1
329,106.85,1
180,108.13,1
134,112.36,1
123,116.58,1
117,120.05,1
118,122.64,1
106,124.35,1
121,125.25,1
147,125.9,1
50,126.06,1
321,126.72,1
221,130.59,1
49,135.92,1
207,139.83,1
49,142.41,1
65,142.71,1
138,140.8,1
298,139.98,1
396,144.09,1
338,154.2,1
137,166.81,1
236,177.88,1
253,187.54,1
284,197.17,1
320,207.41,1
200,217.63,1
277,226.44,1
140,233.03,1
114,235.88,1
202,234.96,1
156,232.04,1
80,227.08,1
167,219.79,1
57,210.85,1
113,200.34,1
76,188.69,1
78,176.42,1
45,163.55,1
67,150.29,1
57,137.18,1
73,124.79,1
166,114.3,1
418,109.36,1
375,113.37,1
164,123.72,1
110,134.22,1
199,142.57,1
35,148.69,1
52,151.08,1
204,150.73,1
133,150.39,1
123,150.05,1
253,150.06,1
381,153.46,1
278,161.61,1
83,170.88,1
52,176.33,1
61,176.68,1
195,174.17,1
48,170.64,1
126,165.75,1
431,162.6,1
117,163.94,1
289,167.42,1
234,172.22,1
268,178.65,1
238,185.96,1
316,194.14,1
312,203.71,1
374,215.12,1
145,226.65,1
300,235.88,1
54,241.71,1
156,242.75,1
44,238.86,1
247,232.08,1
250,225.78,1
301,222.18,1
144,220.33,1
225,218.38,1
337,217.37,1
231,218.77,1
88,219.93,1
123,217.94,1
70,212.57,1
253,205.74,1
478,202.46,1
293,205.71,1
66,210.73,1
141,212.27,1
51,209.76,1
116,203.84,1
96,195.71,1
62,186.12,1
41,174.83,1
356,164.61,1
133,158.72,1
351,157.1,1
43,157.95,1
87,157.69,1
59,154.53,1
268,150.93,1
106,149,1
102,147.42,1
300,146.4,1
56,147.04,1
86,146.79,1
262,145.78,1
183,146.75,1
48,148.22,1
243,148.74,1
123,149.64,1
379,152.57,1
92,157.79,1
445,164.9,1
99,173.79,1
139,181.26,1
100,184.87,1
628,189.5,1
243,199.98,1
63,211.1,1
84,216.35,1
931,222.79,1
155,237.75,1
78,252.18,1
35,257.62,1
79,255.13,1
52,246.72,1
52,234.16,1
219,219.97,1
205,207.67,1
181,198.15,1
36,189.35,1
190,180.06,1
38,170.78,1
365,163.3,1
108,159.46,1
42,156.43,1
309,153.09,1
328,153.68,1
122,158.09,1
298,163.4,1
162,169.31,1
207,175.05,1
77,179.02,1
418,182.56,1
93,187.53,1
48,190.48,1
208,189.69,1
107,187.51,1
44,183.5,1
103,176.84,1
129,169.08,1
191,162.16,1
93,156.53,1
185,151.72,1
178,148.36,1
58,145.85,1
90,142.3,1
218,138.68,1
127,136.74,1
54,135.1,1
59,131.81,1
152,127.64,1
264,125.44,1
133,126.35,1
284,129.59,1
59,134.06,1
315,138.96,1
112,144.71,1
196,150.39,1
188,155.44,1
167,160.25,1
78,163.57,1
47,163.69,1
50,160.2,1
97,154.29,1
275,148.99,1
187,146.93,1
100,146.7,1
49,145.28,1
47,141.43,1
86,135.75,1
152,130,1
79,125.21,1
387,123.18,1
497,128.69,1
114,140.94,1
48,151.99,1
68,157.63,1
180,159.72,1
47,159.94,1
461,160.89,1
207,166.01,1
41,171.99,1
177,174.67,1
78,174.85,1
265,174.13,1
100,173.69,1
195,173.06,1
187,172.46,1
224,172.85,1
165,174.06,1
246,175.83,1
67,177.35,1
85,176.46,1
394,175.16,1
90,176.37,1
319,178.84,1
248,182.87,1
84,187.34,1
98,188.79,1
70,186.54,1
74,181.18,1
102,173.75,1
67,165.2,1
60,155.64,1
153,146.05,1
86,137.66,1
331,132.18,1
288,132.22,1
60,135.9,1
80,138.22,1
66,137.78,1
310,137.21,1
41,138.26,1
321,140.38,1
111,143.91,1
275,148.6,1
94,153.49,1
260,158.11,1
96,162.26,1
46,164.17,1
203,163.43,1
171,162.61,1
159,162.43,1
188,162.52,1
414,165.07,1
44,170.31,1
48,173.2,1
243,172.86,1
184,172.83,1
324,174.82,1
118,178.42,1
40,180.23,1
150,178.5,1
251,176.16,1
62,174.46,1
86,171.22,1
70,165.62,1
139,158.89,1
281,153.73,1
75,151.13,1
258,149.87,1
134,149.94,1
186,150.93,1
97,151.67,1
124,151.38,1
114,149.94,1
139,147.93,1
171,146.17,1
184,145.5,1
146,145.85,1
107,146.12,1
35,144.76,1
40,140.71,1
105,134.78,1
264,130.07,1
57,127.9,1
96,125.94,1
151,123.59,1
185,122.53,1
175,123.46,1
239,126.49,1
141,131.16,1
166,136.06,1
74,139.82,1
58,141.13,1
41,139.37,1
54,135.01,1
202,130.14,1
124,126.94,1
159,125.36,1
68,124.23,1
157,123,1
46,121.53,1
140,119.6,1
184,118.4,1
46,118.16,1
177,117.81,1
230,118.86,1
62,121.52,1
85,123.13,1
68,122.77,1
57,120.74,1
43,117.03,1
285,113.88,1
174,114.23,1
78,116.63,1
148,118.55,1
72,119.78,1
99,119.97,1
88,119.1,1
95,117.57,1
84,115.52,1
476,116.24,1
83,122.2,1
80,128.68,1
129,132.4,1
217,135.44,1
108,138.83,1
198,142.03,1
134,145.03,1
379,149.51,1
247,157.39,1
358,168.43,1
183,180.74,1
150,191.35,1
186,198.59,1
55,202.29,1
41,201.2,1
52,195.21,1
183,186.91,1
376,181.01,1
363,181.3,1
42,184.98,1
187,186.89,1
256,187.72,1
110,188.84,1
102,188.21,1
97,184.93,1
65,179.26,1
178,172.38,1
45,165.3,1
158,157.97,1
35,150.45,1
126,142.68,1
102,135.28,1
113,128.84,1
197,124.03,1
161,121.8,1
198,122.05,1
140,123.96,1
253,127.36,1
65,131.6,1
186,135.18,1
531,141.4,1
117,152.71,1
222,164.4,1
492,176.58,1
107,190.87,1
54,201.68,1
127,206.03,1
105,205.97,1
82,202.6,1
37,195.81,1
298,187.95,1
285,183.33,1
63,181.48,1
187,179.03,1
84,175.55,1
76,170.66,1
92,164.02,1
147,156.92,1
67,150.07,1
313,144.83,1
176,143.25,1
34,143.11,1
148,141.5,1
168,139.71,1
169,139.13,1
328,140.97,1
144,145.78,1
164,151.07,1
112,154.91,1
86,156.6,1
270,157.28,1
182,159.28,1
176,162.25,1
140,164.71,1
228,166.78,1
217,169.58,1
121,172.57,1
57,173.4,1
140,171.4,1
171,168.41,1
44,164.91,1
82,159.6,1
201,153.66,1
187,149.6,1
191,147.91,1
62,146.95,1
111,144.88,1
159,142.17,1
152,140.22,1
43,138.27,1
155,135.47,1
140,132.93,1
138,131.35,1
395,132.52,1
133,137.81,1
62,143.27,1
250,146.86,1
197,151.01,1
204,156.21,1
119,160.99,1
232,164.87,1
127,168.23,1
262,171.41,1
270,175.77,1
288,182.31,1
232,190.17,1
130,197.15,1
126,201.03,1
52,200.88,1
64,196.57,1
72,188.87,1
217,180.28,1
63,172.5,1
238,165.69,1
289,161.9,1
342,163.34,1
99,167.9,1
251,172.36,1
66,175.55,1
236,177.28,1
451,180.93,1
258,189.31,1
136,198.54,1
338,206.16,1
115,212.8,1
298,217.97,1
90,221.31,1
114,221.43,1
44,217.13,1
548,212.88,1
86,212.71,1
92,212.26,1
133,208.21,1
53,201.67,1
140,193.16,1
319,185.7,1
141,181.48,1
121,178.24,1
193,174.65,1
121,171.34,1
164,168.12,1
84,164.52,1
116,160.03,1
47,154.3,1
354,149.52,1
50,147.61,1
200,146.68,1
176,146.3,1
137,146.88,1
169,147.59,1
130,148.25,1
155,148.67,1
100,148.53,1
188,148.01,1
405,150,1
433,158.44,1
184,171.61,1
144,183.75,1
180,192.28,1
60,197.06,1
122,197.63,1
60,194.51,1
40,188.03,1
115,179,1
148,169.67,1
37,160.67,1
91,151.1,1
123,141.66,1
266,134.81,1
134,131.69,1
75,130.01,1
91,127.51,1
127,124.57,1
128,122.13,1
61,119.9,1
66,116.86,1
123,113.3,1
144,110.61,1
82,108.99,1
197,108.33,1
93,108.96,1
74,109.61,1
47,108.85,1
106,106.94,1
231,106.02,1
218,108.32,1
200,113.63,1
169,120.42,1
46,126.42,1
154,130.23,1
48,132.13,1
364,134.29,1
69,138.47,1
136,142.35,1
252,145.48,1
50,148.76,1
38,149.53,1
107,147.06,1
128,143.46,1
220,140.81,1
69,139.41,1
129,137.77,1
124,135.69,1
121,133.74,1
60,131.35,1
92,127.94,1
172,124.55,1
93,122.22,1
343,122.21,1
45,124.96,1
253,128.6,1
180,133.16,1
123,138.3,1
152,142.4,1
222,146.18,1
401,152.47,1
183,162.2,1
51,171,1
158,175.67,1
122,177.42,1
120,177.19,1
254,176.24,1
229,176.78,1
54,177.69,1
152,176.54,1
158,174.11,1
127,171.42,1
94,167.89,1
43,162.6,1
129,155.7,1
100,148.62,1
154,142.32,1
117,137.17,1
235,133.87,1
101,132.62,1
121,131.9,1
144,131.02,1
211,131.15,1
166,132.94,1
324,137.09,1
178,143.91,1
300,152.45,1
285,162.67,1
220,174.07,1
161,184.29,1
178,191.92,1
161,196.98,1
359,201.41,1
95,206.17,1
259,209.66,1
68,211.02,1
213,210.1,1
100,207.35,1
95,202.6,1
42,194.99,1
51,184.66,1
153,173.19,1
118,162.66,1
56,152.95,1
85,143.12,1
286,135.15,1
61,130.54,1
92,126.87,1
94,122.68,1
192,119.35,1
148,118.05,1
310,119.75,1
231,125.34,1
93,132.57,1
50,137.55,1
143,139.52,1
85,139.88,1
144,139.3,1
94,138.12,1
163,136.75,1
70,135.24,1
43,132.48,1
188,128.83,1
54,125.7,1
102,122.46,1
49,118.48,1
129,114.26,1
58,110.3,1
44,106.03,1
76,101.11,1
60,96.14,1
173,92.23,1
125,90.6,1
84,90.56,1
90,90.7,1
199,91.63,1
109,94.27,1
151,97.86,1
168,102.13,1
396,109.27,1
292,121.43,1
74,135.35,1
116,146.05,1
124,152.93,1
98,156.89,1
93,158.1,1
88,156.88,1
103,153.8,1
405,152.16,1
218,155.25,1
203,161.14,1
49,165.86,1
48,166.85,1
138,164.36,1
111,160.62,1
328,158.15,1
82,158.09,1
74,157.5,1
131,154.84,1
155,151.77,1
60,148.55,1
503,147.62,1
159,152.19,1
33,157.71,1
134,159.68,1
90,159.11,1
121,157,1
50,153.37,1
80,148.02,1
92,141.57,1
349,137.07,1
347,138.56,1
57,144.23,1
88,148.28,1
122,149.4,1
262,150.21,1
194,152.84,1
447,158.86,1
55,167.64,1
85,174.06,1
400,178.35,1
224,184.87,1
79,191.39,1
410,196.55,1
87,202.13,1
103,205.36,1
61,203.91,1
127,198.98,1
121,192.26,1
144,185.02,1
85,177.48,1
69,169.04,1
110,159.76,1
68,150.38,1
134,141.41,1
142,133.87,1
224,129.02,1
150,127.18,1
368,129,1
66,134,1
169,138.9,1
85,142.05,1
148,143.77,1
44,143.83,1
143,142.26,1
175,140.53,1
111,139.57,1
41,137.83,1
47,133.91,1
41,127.93,1
63,120.73,1
174,114.08,1
76,109.29,1
253,106.85,1
228,108.21,1
131,112.64,1
56,116.81,1
34,118.38,1
74,117.28,1
68,114.6,1
75,111.13,1
468,110.52,1
82,115.53,1
228,122.67,1
158,129.8,1
93,136.2,1
87,140.13,1
128,141.76,1
235,143.08,1
287,146.7,1
138,152.4,1
154,157.63,1
148,161.3,1
201,164.14,1
128,166.47,1
38,166.82,1
94,164.01,1
111,159.25,1
203,154.65,1
59,150.8,1
102,146.39,1
189,141.91,1
76,138.42,1
274,136.27,1
49,135.72,1
83,134.57,1
64,131.57,1
159,127.98,1
123,125.2,1
136,123.42,1
330,123.98,1
242,128.9,1
54,135.54,1
254,141.09,1
106,146.18,1
89,149.8,1
154,151.23,1
106,151.46,1
201,151.31,1
99,151.22,1
125,150.46,1
345,150.64,1
231,154.48,1
44,159.31,1
36,160.66,1
141,158.5,1
269,156.46,1
80,156.04,1
86,154.82,1
45,151.23,1
178,146.44,1
107,142.16,1
50,137.86,1
55,132.18,1
89,125.54,1
106,119.15,1
74,113.45,1
313,110.04,1
78,110.25,1
42,110.99,1
176,110.68,1
131,111.12,1
127,112.44,1
185,114.45,1
88,117.03,1
349,121,1
131,127.58,1
318,136.02,1
428,147.81,1
366,164.58,1
107,182.36,1
201,196.3,1
234,206.54,1
139,214.19,1
87,217.84,1
72,216.64,1
39,210.79,1
133,201.7,1
68,191.21,1
101,179.94,1
67,168.23,1
42,156.05,1
156,144.16,1
64,133.81,1
38,124.18,1
62,114.44,1
51,105,1
87,96.42,1
86,89.28,1
50,83.47,1
63,78.34,1
61,73.82,1
39,69.79,1
210,67.32,1
45,67.37,1
41,68,1
71,67.86,1
112,67.94,1
120,69.19,1
82,71.43,1
228,75.01,1
36,80,1
192,85.22,1
148,91.06,1
226,98.37,1
53,106.08,1
39,111.47,1
50,113.36,1
133,113.29,1
74,112.7,1
36,111.14,1
34,107.77,1
108,103.4,1
43,99.07,1
74,94.73,1
96,90.67,1
39,87.1,1
71,83.54,1
222,81.4,1
107,82.26,1
43,84.17,1
42,84.78,1
68,84.06,1
186,83.74,1
68,84.91,1
133,86.77,1
88,88.8,1
98,90.77,1
34,91.91,1
127,92.15,1
53,92.11,1
132,92.06,1
79,92.24,1
122,92.73,1
47,93.1,1
66,92.64,1
40,91.03,1
48,88.38,1
68,85.13,1
94,82.14,1
37,79.57,1
35,76.66,1
56,73.26,1
262,71.66,1
31,73.1,1
75,75.07,1
291,77.99,1
63,83.62,1
43,88.95,1
40,91.61,1
127,92.67,1
81,93.51,1
106,94.32,1
96,95.04,1
226,96.76,1
217,101.17,1
313,109.2,1
192,120.24,1
132,131.51,1
97,140.31,1
96,145.8,1
182,149.05,1
141,151.55,1
52,152.71,1
80,151.22,1
105,147.69,1
116,143.48,1
57,138.77,1
162,133.84,1
324,131.49,1
96,132.88,1
39,134.14,1
73,132.69,1
43,129.07,1
52,123.79,1
177,118.36,1
159,115.01,1
117,113.72,1
38,112.55,1
126,110.57,1
143,109,1
251,109.69,1
106,112.8,1
243,117.28,1
55,122.15,1
68,125.3,1
143,126.3,1
293,128.22,1
404,134.83,1
157,145.75,1
153,156.45,1
374,166.33,1
133,176.88,1
200,185.99,1
144,192.38,1
66,195.44,1
51,194.02,1
146,189.07,1
57,182.37,1
53,173.85,1
82,163.66,1
62,152.79,1
51,141.6,1
59,130.27,1
89,119.48,1
90,110.03,1
67,101.99,1
103,95.21,1
103,90.02,1
190,87.22,1
254,88.38,1
82,92.79,1
184,98.07,1
233,104.49,1
184,112.82,1
161,121.72,1
275,130.93,1
78,140.13,1
344,148.9,1
38,157.28,1
287,164.3,1
241,171.24,1
383,180.36,1
186,191.24,1
44,199.8,1
75,202.57,1
132,200.61,1
79,195.94,1
57,188.77,1
133,179.78,1
76,170.31,1
164,161.18,1
84,152.95,1
118,145.36,1
328,140.15,1
79,138.61,1
88,137.61,1
241,136.4,1
160,137.01,1
176,139.02,1
413,143.6,1
203,152.24,1
200,162.2,1
88,170.11,1
138,174.76,1
166,176.89,1
262,178.71,1
284,182.26,1
201,187.45,1
134,191.97,1
234,194.85,1
127,196.63,1
95,196.3,1
170,193.59,1
142,189.91,1
152,185.84,1
88,181.03,1
52,174.53,1
174,166.85,1
107,159.69,1
71,152.77,1
72,145.07,1
54,136.65,1
37,127.55,1
155,118.75,1
133,112.1,1
114,107.76,1
215,105.67,1
80,105.77,1
52,105.88,1
138,105.13,1
193,105.39,1
498,110.52,1
208,122.31,1
315,137.42,1
354,154.25,1
531,174.79,1
113,197.26,1
151,215.31,1
158,226.64,1
275,233.91,1
270,239.78,1
221,244.88,1
63,247.06,1
284,245.78,1
134,243.01,1
204,239.11,1
417,236.17,1
55,235.18,1
107,231.91,1
55,224.41,1
45,213.46,1
156,200.55,1
154,188.33,1
58,177.15,1
392,168.25,1
130,164.01,1
317,163.38,1
292,166.19,1
254,172.42,1
181,179.56,1
60,184.65,1
151,186.08,1
38,184.32,1
272,180.99,1
284,179.67,1
433,183.22,1
221,191.15,1
115,199.07,1
152,203.5,1
128,204.65,1
201,203.78,1
94,201.52,1
362,199.35,1
704,203.66,1
273,217.08,1
285,232.76,1
165,245.31,1
75,252.46,1
43,252.41,1
130,246.41,1
105,237.12,1
51,225.43,1
217,212.6,1
141,201,1
87,190.37,1
150,179.83,1
80,169.74,1
345,161.87,1
68,157.5,1
360,155.92,1
39,156.42,1
452,159.01,1
233,165.46,1
147,173.7,1
70,179.14,1
62,180.22,1
36,176.99,1
297,172.26,1
562,172.82,1
255,181.34,1
208,192.38,1
436,203.54,1
274,216.54,1
354,230.31,1
195,242.89,1
624,255.76,1
173,270.43,1
184,282.19,1
149,287.42,1
55,286.33,1
40,278.52,1
190,266.05,1
258,253.36,1
58,241.66,1
49,228.29,1
49,212.28,1
113,195.25,1
218,179.92,1
251,168.99,1
154,162.34,1
285,158.89,1
461,160.91,1
191,168.64,1
193,177.51,1
134,184.24,1
286,189.45,1
141,194.14,1
401,199.3,1
130,205.55,1
367,211.99,1
466,220.88,1
472,235.01,1
243,251.68,1
162,265.29,1
161,272.84,1
211,275.27,1
234,274.74,1
386,274.06,1
119,273.78,1
56,270.13,1
43,260.6,1
64,246.4,1
48,229.28,1
188,211.5,1
363,197.5,1
61,188.38,1
47,179.6,1
185,169.81,1
237,162.16,1
74,157.06,1
194,152.78,1
118,149.27,1
306,147.76,1
366,150.79,1
197,158.27,1
362,167.98,1
139,178.56,1
191,187.56,1
84,193.22,1
139,195.25,1
234,195.24,1
358,196.76,1
68,199.83,1
191,201.2,1
229,201.2,1
190,201.49,1
168,201.47,1
42,199.43,1
228,195.28,1
326,192.48,1
116,192.26,1
57,190.82,1
126,186.35,1
52,179.74,1
120,171.67,1
254,164.37,1
44,158.94,1
184,153.9,1
69,148.96,1
227,144.83,1
330,143.98,1
151,147.16,1
263,152.11,1
60,156.94,1
175,160.04,1
104,161.36,1
78,160.83,1
279,159.56,1
338,161.35,1
89,165.99,1
96,169.08,1
118,169.13,1
111,167.23,1
112,163.99,1
259,161.01,1
320,161.26,1
42,163.91,1
105,164.69,1
149,163.17,1
98,160.77,1
38,156.79,1
104,150.91,1
52,143.92,1
56,136.05,1
42,127.27,1
219,119.36,1
311,115.94,1
231,118.35,1
36,122.97,1
249,126.98,1
41,130.58,1
142,132.9,1
164,134.3,1
182,136.33,1
500,141.91,1
228,153.15,1
92,165.27,1
41,172.76,1
141,175.36,1
139,175.38,1
321,175.7,1
184,178.1,1
127,180.78,1
34,180.76,1
107,177.27,1
34,171.06,1
111,163.05,1
163,155.03,1
239,149.41,1
94,146.27,1
55,143.04,1
195,139.15,1
56,135.74,1
43,131.54,1
44,125.55,1
674,123.59,1
85,130.22,1
102,138.78,1
409,146.47,1
66,155.62,1
80,162.56,1
175,165.8,1
324,169.01,1
156,173.95,1
318,179.84,1
154,186.19,1
230,191.94,1
142,196.21,1
84,197.9,1
190,196.74,1
100,194.01,1
186,190.28,1
243,187.06,1
51,184.41,1
95,179.92,1
317,175.16,1
110,172.7,1
34,169.85,1
179,165.03,1
193,160.75,1
84,157.55,1
262,155.05,1
45,153.44,1
378,153.18,1
186,156.08,1
295,161.82,1
574,171.95,1
256,187.96,1
77,203.52,1
268,214.23,1
284,222.71,1
287,231.07,1
87,237.57,1
455,242.24,1
210,247.74,1
152,252.22,1
190,253.06,1
252,251.82,1
56,248.74,1
210,242.9,1
104,235.22,1
183,226.57,1
87,217.12,1
70,206.3,1
378,196.26,1
62,189.49,1
107,183.1,1
39,174.78,1
39,164.51,1
144,153.42,1
51,143.05,1
92,133.24,1
284,125.66,1
47,121.59,1
76,118.23,1
72,114.01,1
141,110.02,1
111,107.2,1
106,105.38,1
72,103.79,1
189,102.77,1
135,103.43,1
385,107.48,1
176,115.95,1
149,125.91,1
221,135.07,1
244,144.46,1
121,153.68,1
293,162.04,1
100,169.7,1
202,175.66,1
252,180.63,1
93,185.04,1
117,186.85,1
135,185.86,1
143,183.33,1
97,179.65,1
136,174.82,1
238,170.39,1
41,166.79,1
210,162.91,1
54,158.83,1
170,154.51,1
70,149.95,1
79,144.75,1
84,138.6,1
185,132.9,1
74,128.55,1
127,124.79,1
274,122.79,1
217,124.58,1
282,130.08,1
156,137.69,1
146,145.04,1
202,151.2,1
188,156.99,1
157,162.28,1
121,166.08,1
384,169.95,1
50,175.02,1
129,178.16,1
125,178.24,1
40,175.82,1
87,170.59,1
81,163.4,1
108,155.47,1
290,149.15,1
128,146.15,1
148,144.78,1
172,143.87,1
115,143.44,1
39,142.01,1
131,138.89,1
138,135.55,1
157,133.19,1
201,132.4,1
223,133.9,1
91,136.72,1
50,138.1,1
110,137.04,1
48,134.33,1
252,131.61,1
176,131.22,1
254,133.69,1
271,139.09,1
248,147.27,1
265,157.15,1
156,167.2,1
152,175.33,1
121,180.52,1
127,182.77,1
349,184.42,1
75,187.02,1
42,187.27,1
131,183.67,1
68,177.95,1
150,171.17,1
178,164.87,1
226,160.67,1
36,157.67,1
84,153.33,1
114,147.57,1
286,143.26,1
170,142.35,1
105,142.98,1
244,143.89,1
115,145.67,1
501,150.25,1
161,159.38,1
169,169.23,1
309,177.8,1
180,186.44,1
261,194.52,1
370,203.09,1
59,211.66,1
286,217.58,1
91,220.84,1
37,220.13,1
54,214.13,1
84,204.35,1
53,192.41,1
178,180.02,1
46,168.42,1
336,159.05,1
371,155.75,1
391,160.29,1
155,169.26,1
55,176.71,1
141,179.9,1
204,180.87,1
40,180.47,1
123,177.56,1
264,174.03,1
159,172.3,1
117,171.07,1
123,168.73,1
74,165,1
92,159.71,1
148,153.75,1
211,149.09,1
206,147.05,1
218,147.61,1
144,149.67,1
107,151.34,1
295,153.01,1
131,156.06,1
71,158.41,1
103,158.07,1
33,155.16,1
46,149.62,1
68,142.08,1
50,133.55,1
135,125.16,1
98,118.1,1
52,112,1
39,105.65,1
92,99.17,1
56,93.27,1
62,87.9,1
331,85.13,1
43,86.51,1
210,89.89,1
80,93.97,1
47,97.41,1
90,99,1
32,99.04,1
50,97.49,1
134,95.27,1
127,94.12,1
73,93.95,1
85,93.67,1
120,93.36,1
72,93.32,1
57,92.86,1
51,91.41,1
152,89.85,1
38,88.94,1
45,87.57,1
40,85,1
72,81.87,1
46,78.68,1
68,75.58,1
37,72.53,1
57,69.46,1
34,66.36,1
57,63.32,1
86,60.85,1
38,59.17,1
62,57.78,1
88,56.89,1
70,56.88,1
50,57.29,1
67,57.66,1
49,57.97,1
60,58.14,1
104,58.6,1
71,59.83,1
36,61.11,1
35,61.53,1
40,61.02,1
62,60.07,1
36,59.02,1
45,57.74,1
108,56.8,1
99,57.18,1
33,58.37,1
120,59.71,1
35,61.3,1
71,62.63,1
37,63.34,1
51,63.4,1
32,62.77,1
62,61.66,1
32,60.34,1
41,58.72,1
32,56.76,1
32,54.53,1
54,52.27,1
30,50.23,1
32,48.22,1
44,46.23,1
61,44.69,1
32,43.69,1
32,42.77,1
38,41.77,1
48,40.92,1
33,40.3,1
64,39.97,1
38,40.04,1
101,40.78,1
87,42.7,1
44,45.38,1
32,47.63,1
31,48.91,1
31,49.31,1
33,49.02,1
36,48.28,1
64,47.52,1
41,47.07,1
46,46.75,1
38,46.38,1
41,45.91,1
34,45.31,1
50,44.67,1
36,44.11,1
32,43.5,1
40,42.75,1
41,42.04,1
32,41.38,1
37,40.68,1
40,40.01,1
31,39.41,1
69,39.06,1
39,39.23,1
37,39.58,1
42,39.82,1
94,40.46,1
32,41.78,1
41,43.04,1
34,43.8,1
58,44.31,1
42,44.82,1
46,45.28,1
33,45.51,1
59,45.6,1
39,45.72,1
31,45.7,1
32,45.27,1
57,44.7,1
32,44.26,1
50,43.87,1
31,43.47,1
50,43.08,1
34,42.71,1
28,42.23,1
39,41.53,1
32,40.77,1
52,40.12,1
36,39.73,1
40,39.47,1
33,39.2,1
50,38.99,1
33,38.91,1
57,39,1
35,39.28,1
55,39.7,1
40,40.24,1
66,40.98,1
36,41.91,1
30,42.62,1
36,42.84,1
101,43.27,1
37,44.45,1
96,46.11,1
42,48.1,1
85,50.21,1
58,52.39,1
88,54.71,1
34,56.88,1
87,58.65,1
30,60.03,1
54,60.75,1
37,60.73,1
34,60.04,1
32,58.66,1
35,56.78,1
51,54.73,1
42,52.85,1
31,51.04,1
56,49.29,1
56,47.99,1
37,47.11,1
62,46.46,1
77,46.41,1
41,46.96,1
44,47.5,1
69,47.98,1
52,48.69,1
45,49.43,1
36,49.82,1
85,50.14,1
49,50.84,1
85,51.9,1
36,53.1,1
206,55.25,1
32,59.01,1
54,62.59,1
32,64.67,1
65,65.62,1
50,65.92,1
58,65.82,1
38,65.25,1
68,64.33,1
35,63.23,1
63,61.96,1
48,60.68,1
114,59.95,1
40,60.03,1
32,59.97,1
44,59.16,1
56,58.05,1
68,57.14,1
33,56.42,1
55,55.56,1
95,55.05,1
70,55.44,1
74,56.46,1
87,57.88,1
63,59.62,1
64,61.26,1
51,62.48,1
72,63.3,1
92,64.21,1
36,65.19,1
54,65.59,1
47,65.29,1
41,64.47,1
30,63.03,1
124,61.7,1
44,61.32,1
35,61.05,1
80,60.42,1
34,59.84,1
72,59.23,1
33,58.56,1
86,57.96,1
39,57.61,1
88,57.52,1
79,57.98,1
41,58.79,1
94,59.56,1
61,60.59,1
92,61.91,1
118,63.87,1
111,66.9,1
99,70.62,1
80,74.33,1
87,77.55,1
166,80.91,1
70,84.82,1
235,89.47,1
84,95.22,1
157,101.07,1
46,105.85,1
75,108.64,1
72,109.39,1
227,110.02,1
126,112.28,1
74,114.85,1
32,115.54,1
55,113.86,1
36,110.26,1
120,105.92,1
35,101.69,1
87,97.4,1
85,93.34,1
57,89.77,1
50,86.14,1
50,82.24,1
93,78.57,1
72,75.73,1
64,73.56,1
46,71.51,1
92,69.64,1
122,68.83,1
224,70.58,1
117,75.29,1
130,81.27,1
176,87.7,1
122,94.69,1
289,102.76,1
45,111.67,1
42,118.23,1
96,121.17,1
90,122.06,1
87,121.7,1
102,120.43,1
95,118.67,1
56,116.28,1
127,113.38,1
35,110.27,1
75,106.51,1
39,101.99,1
56,96.93,1
41,91.46,1
41,85.77,1
120,80.62,1
173,77.82,1
38,77.3,1
179,77.88,1
57,79.51,1
48,80.94,1
174,82.05,1
120,84.48,1
139,88.12,1
100,92.08,1
231,96.78,1
79,102.45,1
128,107.65,1
168,112.21,1
127,116.84,1
118,120.96,1
265,125.3,1
35,130.11,1
126,133.27,1
136,134.74,1
42,135.03,1
145,133.78,1
69,131.71,1
34,128.39,1
58,123.21,1
52,116.84,1
37,109.79,1
84,102.53,1
134,96.43,1
55,91.97,1
67,88.11,1
110,84.73,1
160,83.06,1
177,84.05,1
145,87.46,1
202,92.68,1
184,99.63,1
375,109.4,1
191,122.48,1
127,135.67,1
122,145.91,1
178,153.41,1
118,158.96,1
148,162.55,1
86,164.03,1
123,163.4,1
128,161.29,1
77,158.13,1
134,153.94,1
120,149.5,1
140,145.43,1
80,141.5,1
37,136.62,1
61,130.15,1
60,122.74,1
67,115.11,1
162,108.45,1
96,103.83,1
100,100.64,1
64,97.87,1
112,95.33,1
92,93.4,1
139,92.44,1
72,92.31,1
124,92.52,1
152,93.52,1
305,97.29,1
120,104.25,1
302,113.07,1
165,123.42,1
99,133.24,1
110,140.21,1
176,144.95,1
87,148.29,1
56,149.29,1
112,147.65,1
139,144.96,1
94,142.13,1
68,138.53,1
91,133.88,1
127,129.02,1
126,124.96,1
57,121.35,1
112,117.49,1
56,113.46,1
78,109.13,1
125,105.01,1
188,102.68,1
81,102.34,1
255,103.71,1
73,106.81,1
194,110.54,1
115,114.49,1
193,118.8,1
181,123.79,1
171,129.49,1
138,135,1
167,139.79,1
35,143,1
172,144.11,1
114,144.26,1
199,144.56,1
60,144.73,1
122,143.73,1
119,141.7,1
60,138.95,1
120,135.23,1
120,131.39,1
173,128.54,1
66,126.52,1
80,123.98,1
62,120.33,1
146,116.46,1
114,113.54,1
71,111.25,1
133,109.04,1
144,107.73,1
47,107.05,1
46,105.34,1
177,103.17,1
77,102.05,1
152,101.82,1
262,103.61,1
293,109.52,1
96,118.17,1
229,126.72,1
240,135.6,1
114,144.66,1
195,152.24,1
158,158.44,1
170,163.54,1
167,167.5,1
492,173.22,1
186,182.87,1
189,192.85,1
127,199.77,1
116,202.99,1
71,202.27,1
80,197.81,1
203,191.42,1
134,185.36,1
57,178.99,1
88,170.96,1
125,162.17,1
243,154.93,1
44,149.71,1
86,144.24,1
99,137.92,1
681,136.52,1
51,143.59,1
97,151.48,1
346,157.34,1
354,166.07,1
242,177.96,1
119,189.02,1
343,197.98,1
51,205.31,1
246,209.81,1
235,212.73,1
389,217.05,1
39,221.85,1
116,222.98,1
66,219.27,1
64,211.71,1
220,202.4,1
42,193.15,1
135,183.32,1
407,175.75,1
134,173.11,1
126,172,1
44,169.02,1
53,163.38,1
89,155.64,1
52,146.96,1
114,138.05,1
46,129.39,1
78,120.87,1
226,113.93,1
254,111.36,1
288,114.13,1
192,120.93,1
191,129.24,1
239,137.99,1
108,146.51,1
204,153.58,1
246,160.18,1
305,168.18,1
90,176.53,1
374,184.13,1
83,191.44,1
82,195.77,1
62,195.13,1
50,190.28,1
181,183.07,1
246,176.98,1
121,173.08,1
122,169.43,1
147,165.29,1
75,160.74,1
67,154.95,1
38,147.46,1
74,138.68,1
142,130.12,1
157,123.57,1
66,118.83,1
212,115.44,1
324,115.79,1
364,122.35,1
72,132.55,1
166,141.49,1
182,148.44,1
214,154.96,1
302,162.35,1
46,169.74,1
62,173.53,1
85,172.75,1
91,169.08,1
104,163.78,1
115,157.77,1
186,152.28,1
188,148.65,1
234,147.57,1
65,147.83,1
87,146.88,1
39,143.59,1
226,139.57,1
167,137.35,1
104,136.61,1
81,135.29,1
68,132.54,1
61,128.37,1
60,123.03,1
118,117.38,1
50,112.06,1
117,107.08,1
300,104.62,1
105,106.11,1
147,109.17,1
219,112.99,1
152,118.26,1
224,124.53,1
469,133.99,1
312,148.97,1
418,167.96,1
249,188.39,1
244,207.26,1
343,223.68,1
157,237.74,1
165,247.38,1
232,252.41,1
264,255.29,1
156,256.61,1
220,255.7,1
188,253.02,1
162,248.89,1
52,242.17,1
76,231.81,1
48,218.35,1
70,202.92,1
153,187.29,1
47,172.72,1
43,158.32,1
136,144.38,1
77,132.26,1
179,122.55,1
97,115.52,1
119,110.44,1
41,106.04,1
100,101.68,1
38,97.3,1
115,93.16,1
167,90.53,1
75,89.89,1
96,89.84,1
70,89.62,1
125,89.47,1
90,89.8,1
64,90.12,1
35,89.48,1
54,87.56,1
39,84.71,1
76,81.47,1
35,78.18,1
47,74.69,1
41,70.98,1
58,67.36,1
38,64,1
50,60.84,1
37,57.88,1
32,55,1
40,52.16,1
48,49.6,1
59,47.62,1
53,46.37,1
38,45.56,1
30,44.75,1
62,43.98,1
38,43.52,1
52,43.31,1
41,43.23,1
41,43.18,1
41,43.08,1
86,43.3,1
37,44.11,1
38,44.9,1
31,45.21,1
41,45.1,1
37,44.77,1
57,44.46,1
35,44.3,1
61,44.26,1
32,44.33,1
41,44.29,1
30,43.98,1
33,43.4,1
31,42.57,1
50,41.73,1
37,41.1,1
53,40.73,1
44,40.65,1
31,40.66,1
49,40.61,1
32,40.56,1
47,40.5,1
32,40.42,1
46,40.33,1
32,40.21,1
55,40.15,1
31,40.21,1
92,40.66,1
35,41.72,1
40,42.82,1
31,43.45,1
49,43.74,1
38,43.89,1
43,43.94,1
30,43.8,1
42,43.44,1
32,42.93,1
52,42.43,1
34,42.06,1
41,41.71,1
37,41.34,1
33,40.91,1
39,40.4,1
31,39.85,1
36,39.25,1
32,38.61,1
70,38.26,1
34,38.42,1
48,38.82,1
32,39.17,1
55,39.53,1
35,39.96,1
48,40.39,1
39,40.79,1
57,41.26,1
34,41.79,1
32,42.12,1
30,42.03,1
40,41.67,1
30,41.17,1
52,40.68,1
31,40.33,1
40,40.01,1
46,39.73,1
39,39.62,1
32,39.52,1
37,39.29,1
33,38.97,1
40,38.62,1
35,38.3,1
42,38.05,1
34,37.86,1
39,37.7,1
36,37.55,1
40,37.45,1
38,37.4,1
33,37.37,1
49,37.37,1
31,37.47,1
43,37.58,1
75,38.01,1
47,39.06,1
35,40.26,1
56,41.27,1
32,42.15,1
64,42.95,1
35,43.75,1
81,44.69,1
39,45.87,1
91,47.33,1
38,49.02,1
53,50.49,1
30,51.39,1
67,51.85,1
32,52.11,1
33,51.94,1
40,51.23,1
32,50.2,1
44,48.98,1
30,47.67,1
40,46.29,1
36,44.91,1
36,43.61,1
42,42.41,1
50,41.51,1
34,40.9,1
39,40.39,1
31,39.84,1
56,39.41,1
49,39.36,1
47,39.69,1
41,40.14,1
108,41.12,1
46,43,1
66,45.22,1
32,47.14,1
117,49.08,1
42,51.49,1
64,53.8,1
31,55.44,1
69,56.47,1
68,57.34,1
46,58.18,1
32,58.49,1
55,58.14,1
36,57.43,1
39,56.36,1
31,54.88,1
40,53.1,1
37,51.21,1
34,49.31,1
32,47.36,1
38,45.44,1
40,43.7,1
34,42.19,1
35,40.83,1
33,39.58,1
52,38.58,1
38,38,1
34,37.64,1
34,37.28,1
74,37.22,1
50,37.88,1
46,38.93,1
35,39.91,1
59,40.78,1
35,41.65,1
48,42.4,1
50,43.06,1
54,43.81,1
37,44.54,1
45,45.05,1
46,45.39,1
46,45.65,1
35,45.77,1
60,45.81,1
37,45.9,1
40,45.9,1
39,45.67,1
32,45.22,1
33,44.51,1
32,43.57,1
35,42.51,1
41,41.48,1
48,40.69,1
38,40.19,1
50,39.92,1
32,39.8,1
40,39.67,1
31,39.44,1
50,39.21,1
31,39.09,1
55,39.08,1
31,39.2,1
53,39.4,1
30,39.64,1
45,39.81,1
31,39.87,1
46,39.86,1
31,39.81,1
50,39.77,1
31,39.76,1
35,39.65,1
31,39.35,1
40,38.95,1
34,38.56,1
38,38.19,1
33,37.83,1
35,37.46,1
36,37.08,1
37,36.76,1
31,36.47,1
31,36.11,1
39,35.74,1
34,35.46,1
47,35.35,1
32,35.42,1
47,35.61,1
32,35.88,1
47,36.21,1
30,36.55,1
47,36.87,1
32,37.19,1
42,37.47,1
30,37.65,1
58,37.86,1
35,38.27,1
49,38.78,1
34,39.26,1
43,39.66,1
33,39.91,1
44,40.05,1
33,40.1,1
40,40.05,1
39,39.95,1
41,39.86,1
36,39.78,1
34,39.61,1
33,39.31,1
34,38.89,1
38,38.43,1
32,37.98,1
36,37.53,1
29,37.04,1
43,36.58,1
35,36.26,1
46,36.13,1
31,36.15,1
35,36.15,1
31,36.04,1
47,35.96,1
32,36.01,1
44,36.14,1
31,36.29,1
54,36.52,1
31,36.9,1
42,37.27,1
31,37.53,1
40,37.68,1
31,37.72,1
60,37.84,1
31,38.18,1
37,38.5,1
31,38.59,1
48,38.59,1
34,38.66,1
43,38.74,1
32,38.78,1
29,38.65,1
40,38.34,1
34,38.03,1
36,37.72,1
34,37.4,1
42,37.12,1
30,36.91,1
53,36.81,1
36,36.93,1
47,37.23,1
44,37.66,1
57,38.34,1
32,39.15,1
42,39.82,1
31,40.23,1
72,40.67,1
38,41.42,1
66,42.39,1
31,43.39,1
33,44.04,1
32,44.15,1
46,43.95,1
33,43.65,1
36,43.2,1
35,42.58,1
34,41.86,1
34,41.06,1
35,40.23,1
33,39.4,1
38,38.62,1
57,38.11,1
34,38.01,1
34,37.99,1
32,37.82,1
49,37.66,1
34,37.65,1
45,37.73,1
30,37.82,1
52,37.94,1
38,38.19,1
52,38.61,1
31,39.09,1
48,39.49,1
37,39.85,1
64,40.34,1
36,41.04,1
59,41.83,1
33,42.59,1
44,43.16,1
39,43.48,1
48,43.7,1
32,43.8,1
65,43.89,1
43,44.2,1
38,44.54,1
31,44.56,1
38,44.24,1
31,43.68,1
45,43,1
33,42.33,1
34,41.63,1
39,40.87,1
32,40.14,1
37,39.41,1
31,38.68,1
41,38.01,1
32,37.44,1
36,36.94,1
32,36.46,1
48,36.11,1
36,36.01,1
50,36.14,1
31,36.43,1
71,36.97,1
37,37.89,1
54,38.98,1
36,40.02,1
72,41.12,1
32,42.36,1
42,43.37,1
32,43.92,1
54,44.21,1
37,44.43,1
49,44.6,1
36,44.66,1
45,44.6,1
32,44.39,1
39,43.99,1
33,43.4,1
40,42.73,1
38,42.05,1
92,41.86,1
51,42.6,1
35,43.65,1
30,44.25,1
32,44.29,1
41,43.97,1
31,43.47,1
66,43.05,1
30,42.9,1
83,43.1,1
41,43.79,1
75,44.85,1
79,46.4,1
62,48.48,1
36,50.44,1
35,51.65,1
31,51.99,1
44,51.7,1
38,51.06,1
39,50.2,1
33,49.11,1
81,48.2,1
37,47.83,1
47,47.64,1
38,47.31,1
34,46.8,1
50,46.15,1
84,45.94,1
40,46.39,1
44,46.91,1
44,47.18,1
36,47.21,1
43,47,1
34,46.57,1
46,46,1
39,45.41,1
84,45.17,1
52,45.65,1
64,46.58,1
58,47.71,1
88,49.21,1
41,51,1
95,52.87,1
50,54.86,1
93,56.95,1
78,59.25,1
75,61.72,1
37,63.74,1
47,64.79,1
61,65.04,1
103,65.33,1
36,65.89,1
71,66.17,1
34,65.95,1
66,65.3,1
32,64.28,1
74,63.08,1
32,61.83,1
55,60.43,1
44,58.91,1
47,57.37,1
58,55.93,1
35,54.62,1
87,53.59,1
47,53.17,1
125,53.61,1
181,56.13,1
83,60.88,1
47,65.74,1
64,69.24,1
80,71.73,1
138,74.24,1
78,77.29,1
101,80.31,1
37,82.58,1
42,83.34,1
52,82.58,1
254,82.58,1
85,85.22,1
35,88.2,1
36,89.12,1
113,88.66,1
49,87.96,1
78,86.9,1
36,85.21,1
45,82.72,1
55,79.59,1
71,76.44,1
70,73.73,1
59,71.46,1
102,69.77,1
313,70.96,1
104,76.41,1
83,83.01,1
162,88.86,1
113,94.66,1
102,99.98,1
118,104.31,1
144,108.14,1
89,111.56,1
96,113.93,1
104,115.13,1
183,116.27,1
129,118.23,1
128,120.52,1
105,122.33,1
45,122.81,1
95,121.51,1
44,118.79,1
47,114.69,1
100,109.74,1
48,104.79,1
37,99.48,1
50,93.59,1
162,88.5,1
68,85.36,1
64,83.14,1
80,80.99,1
43,78.88,1
54,76.49,1
53,73.83,1
114,71.64,1
66,70.47,1
186,70.83,1
198,74.08,1
69,79.48,1
130,84.81,1
107,89.66,1
61,93.73,1
265,97.81,1
55,103.03,1
32,106.96,1
31,107.63,1
51,105.78,1
57,102.44,1
189,99.43,1
52,97.88,1
86,96.6,1
72,94.87,1
162,93.66,1
99,93.75,1
163,95.05,1
53,96.85,1
66,97.77,1
38,97.09,1
82,95.22,1
132,93.4,1
57,92.27,1
64,90.92,1
79,89.07,1
202,88.22,1
121,89.64,1
184,92.94,1
120,97.42,1
307,103.64,1
135,112.13,1
250,121.71,1
86,130.92,1
180,138.58,1
264,145.68,1
83,152.81,1
60,157.23,1
344,159.92,1
176,164.3,1
190,169.54,1
85,173.2,1
281,175.54,1
86,177.57,1
119,177.97,1
72,175.64,1
96,171.02,1
81,164.73,1
171,158.05,1
161,152.58,1
83,148.14,1
120,143.56,1
96,138.8,1
59,133.66,1
118,128.07,1
47,122.42,1
43,116.16,1
78,109.32,1
158,103.45,1
89,99.58,1
186,97.67,1
227,98.69,1
270,103.72,1
232,112.37,1
156,122.57,1
385,133.96,1
147,147.07,1
78,158.43,1
42,164.66,1
62,165.78,1
119,163.49,1
270,161.06,1
224,161.19,1
153,163.18,1
63,164.2,1
165,163.23,1
66,160.88,1
195,157.83,1
110,154.97,1
123,152.12,1
53,148.31,1
51,142.82,1
51,135.63,1
45,127.32,1
164,119.31,1
290,114.79,1
204,115.42,1
133,118.96,1
132,122.7,1
194,126.36,1
230,131.16,1
245,137.9,1
238,146.36,1
234,155.87,1
419,167.26,1
68,179.79,1
309,190.51,1
133,199.12,1
272,206.09,1
127,211.19,1
336,215.2,1
184,219.26,1
77,221.53,1
60,219.22,1
134,212.97,1
149,205.11,1
63,196.42,1
127,186.65,1
149,176.9,1
43,167.49,1
73,157.36,1
106,146.9,1
71,137.05,1
353,130,1
203,128.45,1
325,131.98,1
56,137.83,1
84,142.03,1
99,143.18,1
156,142.93,1
172,142.84,1
273,144.43,1
256,148.91,1
77,154.54,1
189,158.65,1
260,162.44,1
76,166.45,1
151,168.64,1
82,168.52,1
206,167.15,1
164,166.03,1
72,164.7,1
140,161.93,1
91,158.12,1
64,153.2,1
226,148.06,1
134,144.64,1
48,141.73,1
241,138.73,1
148,137.46,1
46,136.77,1
117,134.68,1
89,131.69,1
145,128.69,1
87,126.01,1
319,125.08,1
225,128.14,1
46,132.96,1
364,137.85,1
159,144.78,1
177,152.35,1
320,159.94,1
43,167.54,1
102,171.93,1
339,174.42,1
181,178.48,1
218,183.26,1
189,187.5,1
321,192.09,1
62,196.6,1
218,199.02,1
182,199.91,1
147,200,1
129,198.47,1
106,194.95,1
65,189.18,1
91,181.21,1
105,172.03,1
145,163.05,1
33,154.38,1
297,146.88,1
65,142.04,1
127,138.26,1
170,134.85,1
114,132.6,1
335,132.58,1
189,136.29,1
227,142.38,1
64,148.15,1
102,151.37,1
75,151.65,1
315,151.53,1
143,153.45,1
383,157.99,1
185,165.23,1
288,173.9,1
202,182.71,1
352,191.99,1
247,202.24,1
233,212.27,1
44,219.13,1
36,220.02,1
82,215.05,1
41,206.17,1
75,194.6,1
72,181.55,1
36,167.7,1
101,153.64,1
52,140.29,1
80,127.84,1
38,116.22,1
106,105.72,1
219,98.14,1
130,94.75,1
220,94.85,1
101,97.39,1
89,100.33,1
111,102.47,1
225,105.16,1
398,111.67,1
247,123.51,1
43,136.19,1
36,144.35,1
47,147.08,1
126,146.34,1
59,143.89,1
100,140.12,1
34,135,1
52,128.43,1
37,120.62,1
34,111.99,1
40,102.92,1
38,93.87,1
72,85.44,1
31,77.97,1
65,71.35,1
47,65.69,1
82,61.21,1
78,58.18,1
53,56.37,1
38,54.96,1
57,53.61,1
31,52.33,1
43,50.96,1
35,49.49,1
86,48.39,1
32,47.93,1
38,47.54,1
31,46.83,1
44,45.93,1
33,44.98,1
57,44.15,1
31,43.53,1
32,42.87,1
40,42.07,1
36,41.29,1
31,40.51,1
33,39.66,1
40,38.84,1
32,38.13,1
40,37.52,1
36,37.04,1
39,36.69,1
30,36.41,1
60,36.31,1
32,36.53,1
36,36.82,1
35,36.97,1
51,37.16,1
45,37.58,1
51,38.25,1
33,38.98,1
31,39.47,1
32,39.58,1
42,39.49,1
34,39.35,1
44,39.22,1
30,39.08,1
47,38.93,1
31,38.81,1
37,38.64,1
35,38.39,1
33,38.09,1
35,37.72,1
46,37.43,1
36,37.32,1
34,37.25,1
34,37.11,1
33,36.9,1
38,36.65,1
38,36.47,1
38,36.38,1
34,36.33,1
32,36.24,1
34,36.06,1
49,35.96,1
33,36.06,1
40,36.23,1
32,36.35,1
40,36.44,1
32,36.49,1
31,36.43,1
34,36.25,1
49,36.13,1
32,36.2,1
37,36.3,1
33,36.32,1
38,36.31,1
34,36.27,1
51,36.35,1
34,36.61,1
33,36.85,1
38,36.96,1
37,37.03,1
36,37.07,1
33,37.06,1
38,36.98,1
33,36.87,1
38,36.74,1
28,36.56,1
42,36.34,1
39,36.22,1
38,36.23,1
31,36.25,1
48,36.3,1
31,36.43,1
49,36.65,1
31,36.92,1
56,37.29,1
46,37.9,1
44,38.7,1
31,39.39,1
47,39.88,1
31,40.22,1
45,40.42,1
32,40.5,1
50,40.54,1
31,40.58,1
32,40.45,1
36,40.1,1
38,39.69,1
35,39.27,1
35,38.84,1
33,38.37,1
44,37.94,1
33,37.64,1
55,37.52,1
40,37.71,1
32,37.98,1
42,38.14,1
32,38.23,1
52,38.33,1
31,38.53,1
53,38.78,1
36,39.12,1
50,39.54,1
38,39.98,1
102,40.89,1
34,42.51,1
50,44.15,1
32,45.31,1
50,46.05,1
34,46.46,1
77,46.85,1
33,47.43,1
41,47.82,1
30,47.73,1
44,47.28,1
33,46.62,1
29,45.73,1
31,44.55,1
41,43.26,1
32,42.05,1
34,40.89,1
44,39.85,1
32,39.01,1
32,38.25,1
35,37.48,1
53,36.94,1
46,36.85,1
72,37.37,1
40,38.42,1
37,39.51,1
39,40.29,1
73,41.12,1
40,42.24,1
59,43.44,1
49,44.64,1
59,45.85,1
53,47.08,1
63,48.34,1
50,49.6,1
62,50.77,1
43,51.78,1
107,52.94,1
128,55.25,1
54,58.63,1
31,61.46,1
52,62.97,1
34,63.42,1
52,63.09,1
40,62.22,1
97,61.39,1
37,60.97,1
82,60.73,1
46,60.58,1
81,60.57,1
62,60.79,1
39,60.97,1
75,60.86,1
78,60.97,1
72,61.55,1
58,62.27,1
110,63.22,1
80,64.82,1
116,67.09,1
83,69.87,1
89,72.74,1
61,75.17,1
162,77.63,1
98,80.91,1
48,84.09,1
46,85.72,1
135,86.38,1
72,87.25,1
59,87.81,1
43,87.26,1
130,86.24,1
57,85.59,1
40,84.61,1
46,82.59,1
154,80.69,1
66,80.06,1
50,79.7,1
55,78.63,1
35,76.83,1
327,76.66,1
86,80.4,1
79,85.39,1
58,88.86,1
163,91.52,1
73,94.29,1
115,96.79,1
67,98.54,1
171,100.08,1
178,102.8,1
100,106.65,1
75,109.8,1
214,112.39,1
115,115.76,1
116,119.13,1
74,121.22,1
207,122.7,1
170,125.19,1
37,127.78,1
34,127.81,1
122,125.48,1
56,122.31,1
47,118.2,1
32,112.68,1
35,105.98,1
168,99.6,1
262,96.68,1
53,97.43,1
59,98.31,1
84,97.83,1
94,96.89,1
150,96.46,1
90,96.95,1
424,100.34,1
196,108.96,1
243,120.67,1
184,132.74,1
351,145.47,1
141,158.82,1
242,170.95,1
220,181.5,1
169,190.55,1
316,198.35,1
453,208.1,1
102,219.57,1
147,227.63,1
81,230.18,1
151,228.31,1
63,222.96,1
134,214.92,1
147,205.64,1
202,197,1
40,188.8,1
59,179.17,1
82,167.9,1
87,156.33,1
100,145.31,1
160,135.83,1
38,127.92,1
582,124.46,1
319,130.24,1
240,142.35,1
126,154.5,1
137,163.82,1
105,169.64,1
186,172.87,1
267,175.76,1
184,179.6,1
236,183.79,1
451,190.04,1
213,199.65,1
167,208.97,1
302,216.15,1
217,222.64,1
183,227.79,1
130,230.07,1
325,230.53,1
270,231.94,1
199,234.13,1
70,234.11,1
45,229.57,1
52,220.33,1
325,209.96,1
102,201.78,1
56,193.73,1
90,183.75,1
168,173.44,1
107,164.28,1
141,156.2,1
257,150.24,1
242,148.13,1
201,149.45,1
98,151.65,1
85,152.3,1
201,151.63,1
286,152.5,1
230,156.39,1
114,161.27,1
154,164.71,1
290,167.76,1
206,172.3,1
297,178.31,1
190,185.18,1
189,191.44,1
169,195.97,1
138,198.43,1
146,198.61,1
74,196.34,1
132,191.66,1
90,185.28,1
34,177.14,1
105,167.27,1
74,156.86,1
194,147.46,1
130,140.33,1
42,134.37,1
78,127.81,1
43,120.6,1
48,112.9,1
131,105.54,1
106,99.89,1
155,96.42,1
276,96.32,1
209,100.68,1
213,108.16,1
176,116.97,1
307,127.03,1
374,140.06,1
270,156.29,1
216,172.8,1
335,188.21,1
208,202.75,1
171,214.71,1
161,222.54,1
203,226.88,1
175,228.82,1
255,229.4,1
55,228.36,1
258,225.17,1
36,220.31,1
181,213.53,1
61,205.12,1
48,194.83,1
111,182.75,1
55,170.23,1
52,157.35,1
47,144.03,1
61,130.87,1
121,118.94,1
114,109.39,1
89,102.13,1
127,96.7,1
64,92.75,1
244,90.8,1
272,93.15,1
264,100.5,1
157,110.68,1
412,123,1
168,137.82,1
306,153.26,1
215,168.16,1
376,183.1,1
182,197.89,1
224,210.55,1
135,219.55,1
175,224.63,1
139,226.17,1
193,225.21,1
45,221.73,1
41,214.37,1
86,203.41,1
41,190.45,1
42,176.04,1
71,160.9,1
228,147.48,1
87,137.49,1
73,129.28,1
148,121.91,1
162,116.68,1
184,114.28,1
206,114.78,1
158,117.59,1
174,121.59,1
243,126.82,1
74,132.68,1
175,137.43,1
190,141.57,1
159,145.94,1
215,150.41,1
318,156.35,1
172,164.18,1
105,171.04,1
210,175.49,1
192,178.99,1
116,181.6,1
38,181.41,1
101,177.71,1
96,171.8,1
106,164.95,1
117,157.79,1
95,150.73,1
92,143.68,1
40,136.2,1
95,128.2,1
65,120.33,1
91,112.97,1
35,105.98,1
151,99.74,1
166,95.87,1
240,95.75,1
131,98.94,1
127,103.29,1
169,107.76,1
60,111.93,1
142,114.97,1
210,118.05,1
57,121.6,1
55,123.4,1
43,122.43,1
199,120.46,1
104,119.5,1
47,118.57,1
197,117.21,1
96,116.74,1
44,116.1,1
252,115.38,1
103,116.4,1
120,118.12,1
45,118.71,1
64,117.5,1
138,115.25,1
199,114.2,1
38,114.37,1
134,114.09,1
34,112.91,1
129,111.01,1
60,108.8,1
85,106.29,1
110,103.67,1
101,101.62,1
127,100.33,1
134,100.08,1
79,100.5,1
166,101.28,1
110,102.82,1
162,105.13,1
115,107.95,1
88,110.49,1
134,112.29,1
152,114.14,1
90,116.13,1
50,116.96,1
145,116.48,1
99,115.89,1
332,117.2,1
73,121.21,1
119,125.18,1
56,127.1,1
220,128.08,1
81,129.36,1
41,129.55,1
44,127.14,1
60,122.69,1
38,116.9,1
60,110.23,1
37,103.12,1
62,95.92,1
51,89.02,1
138,83.33,1
76,79.58,1
39,76.83,1
153,74.73,1
90,74.27,1
171,75.64,1
157,79.03,1
168,84.39,1
93,90.5,1
137,96.22,1
127,101.47,1
137,106.46,1
84,110.75,1
101,113.7,1
74,115.15,1
83,115.19,1
40,113.7,1
102,110.99,1
122,108.28,1
121,106.51,1
37,104.96,1
72,102.53,1
78,99.41,1
156,96.93,1
57,95.54,1
115,94.51,1
92,93.73,1
63,93.04,1
78,91.87,1
176,91.21,1
98,92.05,1
99,93.55,1
138,95.19,1
56,96.84,1
36,97.26,1
65,95.93,1
123,94.15,1
92,93.01,1
134,92.72,1
64,92.94,1
129,93.26,1
68,93.65,1
219,94.84,1
161,98.13,1
97,102.65,1
38,105.93,1
111,107.25,1
71,107.44,1
33,106.4,1
34,103.51,1
45,99.12,1
51,93.96,1
98,88.95,1
40,84.58,1
39,80.25,1
44,75.64,1
59,71.16,1
57,67.22,1
35,63.73,1
63,60.53,1
45,57.8,1
53,55.52,1
34,53.48,1
69,51.74,1
41,50.46,1
54,49.51,1
35,48.68,1
86,48.17,1
43,48.25,1
74,48.76,1
37,49.42,1
63,50.03,1
32,50.45,1
43,50.5,1
32,50.11,1
37,49.35,1
30,48.27,1
52,47.08,1
32,45.99,1
31,44.86,1
38,43.61,1
33,42.38,1
41,41.24,1
36,40.25,1
47,39.5,1
31,38.95,1
38,38.46,1
31,37.95,1
38,37.46,1
31,36.98,1
39,36.55,1
30,36.16,1
43,35.84,1
33,35.64,1
38,35.53,1
31,35.43,1
44,35.37,1
30,35.39,1
44,35.46,1
31,35.57,1
42,35.7,1
32,35.83,1
42,35.97,1
28,36.08,1
30,36.03,1
33,35.8,1
35,35.52,1
38,35.3,1
37,35.19,1
33,35.14,1
35,35.09,1
35,35.02,1
33,34.96,1
35,34.87,1
33,34.78,1
41,34.74,1
32,34.77,1
42,34.86,1
33,35.01,1
38,35.17,1
32,35.3,1
40,35.4,1
32,35.5,1
42,35.6,1
34,35.75,1
41,35.93,1
33,36.1,1
41,36.27,1
32,36.41,1
40,36.51,1
33,36.58,1
38,36.61,1
35,36.62,1
36,36.6,1
35,36.55,1
34,36.46,1
35,36.33,1
35,36.18,1
35,36.02,1
29,35.82,1
37,35.56,1
36,35.33,1
37,35.2,1
34,35.12,1
37,35.08,1
32,35.04,1
40,35.02,1
32,35.04,1
36,35.05,1
32,35.02,1
39,34.99,1
37,35.03,1
41,35.17,1
32,35.36,1
43,35.57,1
32,35.78,1
35,35.94,1
32,35.97,1
43,35.99,1
34,36.06,1
39,36.17,1
33,36.25,1
39,36.31,1
35,36.35,1
37,36.4,1
36,36.42,1
34,36.42,1
35,36.36,1
38,36.29,1
36,36.25,1
36,36.23,1
36,36.21,1
33,36.16,1
39,36.09,1
32,36.03,1
39,35.96,1
34,35.91,1
39,35.9,1
32,35.89,1
41,35.88,1
33,35.91,1
36,35.92,1
32,35.88,1
40,35.82,1
33,35.78,1
41,35.79,1
32,35.83,1
49,35.94,1
35,36.21,1
38,36.51,1
32,36.72,1
33,36.77,1
35,36.7,1
36,36.58,1
35,36.45,1
42,36.37,1
34,36.37,1
40,36.41,1
41,36.52,1
38,36.71,1
37,36.92,1
33,37.06,1
40,37.12,1
31,37.13,1
41,37.09,1
29,37.01,1
46,36.92,1
34,36.91,1
42,36.98,1
34,37.06,1
35,37.1,1
35,37.04,1
48,37.05,1
31,37.16,1
36,37.23,1
36,37.19,1
52,37.26,1
32,37.51,1
42,37.76,1
31,37.92,1
40,37.97,1
31,37.93,1
41,37.83,1
35,37.72,1
35,37.6,1
